P. Aubameyang,28,Gabon,88,Borussia Dortmund,€61M,€165K,165,61
E. Bailly,23,Ivory Coast,84,Manchester United,€35.5M,€150K,150,35.5
S. Mané,25,Senegal,84,Liverpool,€39M,€175K,175,39
K. Koulibaly,26,Senegal,84,Napoli,€32.5M,€96K,96,32.5
M. Benatia,30,Morocco,84,Juventus,€23M,€145K,145,23
N. Keïta,22,Guinea,83,RB Leipzig,€34M,€68K,68,34
M. Salah,25,Egypt,83,Liverpool,€32.5M,€135K,135,32.5
R. Mahrez,26,Algeria,83,Leicester City,€30.5M,€88K,88,30.5
J. Matip,25,Cameroon,83,Liverpool,€26.5M,€110K,110,26.5
I. Gueye,27,Senegal,83,Everton,€24.5M,€115K,115,24.5
Y. Touré,34,Ivory Coast,83,Manchester City,€12.5M,€145K,145,12.5
I. Slimani,29,Algeria,82,Leicester City,€22M,€100K,100,22
J. Seri,25,Ivory Coast,82,OGC Nice,€26M,€45K,45,26
K. Baldé Diao,22,Senegal,82,AS Monaco,€32.5M,€46K,46,32.5
V. Wanyama,26,Kenya,82,Tottenham Hotspur,€23M,€99K,99,23
Y. Brahimi,27,Algeria,82,FC Porto,€23M,€21K,21,23
H. Ziyech,24,Morocco,81,Ajax,€23M,€16K,16,23
C. Bakambu,26,DR Congo,81,Villarreal CF,€22.5M,€45K,45,22.5
W. Zaha,24,Ivory Coast,81,Crystal Palace,€22.5M,€60K,60,22.5
S. Aurier,24,Ivory Coast,81,Tottenham Hotspur,€19M,€79K,79,19
Y. Belhanda,27,Morocco,81,Galatasaray SK,€18.5M,€71K,71,18.5
R. Boudebouz,27,Algeria,81,Real Betis Balompié,€20.5M,€32K,32,20.5
S. Eto'o,36,Cameroon,81,Antalyaspor,€6.5M,€22K,22,6.5
N. Bentaleb,22,Algeria,80,FC Schalke 04,€19.5M,€42K,42,19.5
I. Traoré,29,Guinea,80,Borussia Mönchengladbach,€14.5M,€48K,48,14.5
K. Boateng,30,Ghana,80,Eintracht Frankfurt,€14.5M,€41K,41,14.5
K. El Ahmadi,32,Morocco,80,Feyenoord,€11M,€23K,23,11
S. Kalou,31,Ivory Coast,80,Hertha BSC Berlin,€13M,€38K,38,13
V. Enyeama,34,Nigeria,80,LOSC Lille,€6M,€40K,40,6
C. Kameni,33,Cameroon,80,Fenerbahçe SK,€7.5M,€59K,59,7.5
S. Boufal,23,Morocco,79,Southampton,€17M,€90K,90,17
B. Traoré,21,Burkina Faso,79,Olympique Lyonnais,€17.5M,€65K,65,17.5
Zé Luís,26,Cape Verde,79,Spartak Moscow,€15.5M,€80K,80,15.5
S. Sané,26,Senegal,79,Hannover 96,€12.5M,€47K,47,12.5
F. Ghoulam,26,Algeria,79,Napoli,€13M,€68K,68,13
W. Bony,28,Ivory Coast,79,Swansea City,€13M,€92K,92,13
S. Doumbia,29,Ivory Coast,79,Sporting CP,€12.5M,€26K,26,12.5
S. Feghouli,27,Algeria,79,Galatasaray SK,€13M,€77K,77,13
N. Amrabat,30,Morocco,79,CD Leganés,€12M,€69K,69,12
A. Ayew,27,Ghana,79,West Ham United,€13M,€110K,110,13
V. Moses,26,Nigeria,79,Chelsea,€12.5M,€115K,115,12.5
Gervinho,30,Ivory Coast,79,"",€0,€0.00,0.00,0
A. Gyan,31,Ghana,79,Kayserispor,€11.5M,€24K,24,11.5
A. Onana,21,Cameroon,78,Ajax,€11M,€8K,8,11
A. Mandi,25,Algeria,78,Real Betis Balompié,€11.5M,€23K,23,11.5
V. Aboubakar,25,Cameroon,78,FC Porto,€13.5M,€17K,17,13.5
K. Mbodj,27,Senegal,78,RSC Anderlecht,€10M,€24K,24,10
V. Aboubakar,25,Cameroon,78,FC Porto,€13.5M,€17K,17,13.5
N. Nkoulou,27,Cameroon,78,Torino,€10M,€57K,57,10
A. Mandi,25,Algeria,78,Real Betis Balompié,€11.5M,€23K,23,11.5
K. Mbodj,27,Senegal,78,RSC Anderlecht,€10M,€24K,24,10
A. Onana,21,Cameroon,78,Ajax,€11M,€8K,8,11
A. N'Diaye,27,Senegal,78,Wolverhampton Wanderers,€10M,€32K,32,10
K. Asamoah,28,Ghana,78,Juventus,€8M,€89K,89,8
Y. Bolasie,28,DR Congo,78,Everton,€10.5M,€105K,105,10.5
B. Moukandjo,28,Cameroon,77,"",€0,€0.00,0.00,0
E. Choupo-Moting,28,Cameroon,77,Stoke City,€9M,€71K,71,9
M. Carcela-González,28,Morocco,77,Olympiakos CFP,€9M,€1K,1,9
F. Pogba,26,Guinea,77,AS Saint-Étienne,€9M,€35K,35,9
C. Kaboré,29,Burkina Faso,77,FC Krasnodar,€7M,€43K,43,7
M. Elneny,24,Egypt,77,Arsenal,€10M,€76K,76,10
A. Song,29,Cameroon,77,Rubin Kazan,€7M,€46K,46,7
T. Partey,24,Ghana,77,Atlético Madrid,€10.5M,€41K,41,10.5
Badou Ndiaye,26,Senegal,77,Galatasaray SK,€11M,€59K,59,11
M. Lemina,23,Gabon,77,Southampton,€12M,€68K,68,12
L. Sané,30,Senegal,77,SV Werder Bremen,€6.5M,€29K,29,6.5
Bastos,25,Angola,77,Lazio,€10M,€43K,43,10
S. Hanni,26,Algeria,77,RSC Anderlecht,€10.5M,€27K,27,10.5
I. Khune,30,South Africa,77,Kaizer Chiefs,€5.5M,€1K,1,5.5
Z. Feddal,27,Morocco,77,Real Betis Balompié,€8.5M,€24K,24,8.5
A. Nyom,29,Cameroon,77,West Bromwich Albion,€6.5M,€65K,65,6.5
M. Gradel,29,Ivory Coast,77,Toulouse FC,€8.5M,€69K,69,8.5
C. Kouyaté,27,Senegal,77,West Ham United,€8.5M,€83K,83,8.5
A. Abdennour,27,Tunisia,77,Olympique de Marseille,€8.5M,€31K,31,8.5
Mexer,28,Mozambique,77,Stade Rennais FC,€8M,€26K,26,8
M. Diouf,29,Senegal,77,Stoke City,€9M,€77K,77,9
Y. Sankharé,27,Senegal,77,Girondins de Bordeaux,€9M,€45K,45,9
M. Marega,26,Mali,77,FC Porto,€9.5M,€17K,17,9.5
A. Baba,22,Ghana,77,Chelsea,€10.5M,€80K,80,10.5
A. Diawara,19,Guinea,77,Napoli,€12M,€30K,30,12
H. Saivet,26,Senegal,77,Newcastle United,€11M,€68K,68,11
O. Ndidi,20,Nigeria,77,Leicester City,€12M,€47K,47,12
A. Chedjou,32,Cameroon,77,İstanbul Başakşehir FK,€5M,€27K,27,5
L. Koné,28,Ivory Coast,76,Sunderland,€7M,€13K,13,7
F. Kessié,20,Ivory Coast,76,Milan,€12.5M,€24K,24,12.5
C. Atsu,25,Ghana,76,Newcastle United,€9.5M,€66K,66,9.5
A. Chahechouhe,30,Morocco,76,Fenerbahçe SK,€7.5M,€66K,66,7.5
I. Traoré,30,Ivory Coast,76,Angers SCO,€5.5M,€25K,25,5.5
P. Djilobodji,28,Senegal,76,Dijon FCO,€7M,€13K,13,7
K. Toko-Ekambi,24,Cameroon,76,Angers SCO,€10M,€26K,26,10
Y. Ayoub,23,Morocco,76,FC Utrecht,€10M,€13K,13,10
P. Diop,31,Senegal,76,RCD Espanyol,€5M,€28K,28,5
S. Tshabalala,32,South Africa,76,Kaizer Chiefs,€6M,€1K,1,6
C. N'Doye,31,Senegal,76,Birmingham City,€6.5M,€34K,34,6.5
G. Kakuta,26,DR Congo,76,Amiens SC Football,€8.5M,€23K,23,8.5
A. Musa,24,Nigeria,76,Leicester City,€10.5M,€65K,65,10.5
Serey Dié,32,Ivory Coast,76,FC Basel,€4.4M,€38K,38,4.4
Y. Benzia,22,Algeria,76,LOSC Lille,€10.5M,€39K,39,10.5
M. Matip,31,Cameroon,76,FC Ingolstadt 04,€5M,€25K,25,5
K. Babacar,24,Senegal,76,Fiorentina,€10.5M,€59K,59,10.5
S. Mounié,22,Benin,76,Huddersfield Town,€11M,€50K,50,11
N. Dirar,31,Morocco,76,Fenerbahçe SK,€7M,€66K,66,7
P. Tau,23,South Africa,76,"",€0,€0.00,0.00,0
J. Ayew,25,Ghana,76,Swansea City,€10M,€71K,71,10
A. Duncan,24,Ghana,76,Sassuolo,€10.5M,€47K,47,10.5
R. Saïss,27,Morocco,76,Wolverhampton Wanderers,€7.5M,€51K,51,7.5
J. Gnagnon,20,Ivory Coast,76,Stade Rennais FC,€10M,€19K,19,10
R. Ghezzal,25,Algeria,76,AS Monaco,€9.5M,€38K,38,9.5
C. Mbemba,22,DR Congo,76,Newcastle United,€9M,€54K,54,9
A. Regattin,25,Morocco,76,Osmanlıspor,€9M,€21K,21,9
S. Fofana,22,Ivory Coast,75,Udinese,€11M,€23K,23,11
T. Hlatshwayo,27,South Africa,75,"",€0,€0.00,0.00,0
A. Masuaku,23,DR Congo,75,West Ham United,€7.5M,€60K,60,7.5
D. Sakho,27,Senegal,75,West Ham United,€8M,€83K,83,8
L. Balogun,29,Nigeria,75,1. FSV Mainz 05,€6M,€25K,25,6
F. Fajr,28,Morocco,75,Getafe CF,€6.5M,€23K,23,6.5
Garry Rodrigues,26,Cape Verde,75,Galatasaray SK,€8M,€50K,50,8
H. Onyekuru,20,Nigeria,75,RSC Anderlecht,€11M,€64K,64,11
E. Badu,26,Ghana,75,Bursaspor,€8M,€26K,26,8
M. Agu,24,Nigeria,75,Bursaspor,€7.5M,€11K,11,7.5
A. Wakaso,25,Ghana,75,Vitória Guimarães,€7.5M,€10K,10,7.5
A. Hassan,24,Egypt,75,SC Braga,€9M,€12K,12,9
B. Zungu,24,South Africa,75,Amiens SC Football,€9M,€17K,17,9
L. Cadamuro,29,Algeria,75,Nîmes Olympique,€5M,€6K,6,5
Kahraba,23,Egypt,75,Al Ittihad,€9.5M,€32K,32,9.5
G. Sio,28,Ivory Coast,75,Montpellier Hérault SC,€7M,€28K,28,7
S. Taïder,25,Algeria,75,Bologna,€8M,€44K,44,8
K. Djidji,24,Ivory Coast,75,FC Nantes,€7.5M,€18K,18,7.5
G. Konan,21,Ivory Coast,75,Vitória Guimarães,€8M,€8K,8,8
S. Sessègnon,33,Benin,75,Montpellier Hérault SC,€3.9M,€25K,25,3.9
D. Amartey,22,Ghana,75,Leicester City,€8M,€45K,45,8
I. Ezekiel,23,Nigeria,75,Atiker Konyaspor,€9M,€18K,18,9
E. Emenike,30,Nigeria,75,Olympiakos CFP,€6.5M,€1K,1,6.5
J. Gbamin,21,Ivory Coast,75,1. FSV Mainz 05,€8.5M,€19K,19,8.5
N. Asare,30,Ghana,75,KAA Gent,€4.9M,€19K,19,4.9
I. Belfodil,25,Algeria,75,SV Werder Bremen,€8.5M,€18K,18,8.5
J. Kodjia,27,Ivory Coast,75,Aston Villa,€8M,€38K,38,8
M. Wakaso,26,Ghana,75,Deportivo Alavés,€7M,€23K,23,7
I. Amadou,24,Cameroon,75,LOSC Lille,€8M,€30K,30,8
Varela,29,Cape Verde,75,PAOK Thessaloniki,€5M,€1K,1,5
K. Iheanacho,20,Nigeria,75,Leicester City,€11.5M,€50K,50,11.5
R. Bensebaini,22,Algeria,75,Stade Rennais FC,€7.5M,€18K,18,7.5
O. Niasse,27,Senegal,75,Everton,€7M,€88K,88,7
B. Koné,29,Burkina Faso,75,RC Strasbourg,€5M,€22K,22,5
F. Kamano,21,Guinea,75,Girondins de Bordeaux,€9M,€33K,33,9
A. Umar,22,Nigeria,75,Osmanlıspor,€9M,€16K,16,9
N. El Zhar,30,Morocco,75,CD Leganés,€6.5M,€23K,23,6.5
Z. Labyad,24,Morocco,75,FC Utrecht,€8.5M,€11K,11,8.5
M. Sall,31,Senegal,75,Royal Antwerp FC,€4.5M,€13K,13,4.5
Y. Benalouane,30,Tunisia,75,Leicester City,€4.9M,€52K,52,4.9
P. Nakoulma,30,Burkina Faso,75,FC Nantes,€6.5M,€23K,23,6.5
G. Donsah,21,Ghana,75,Bologna,€10M,€36K,36,10
K. Mokotjo,26,South Africa,74,Brentford,€6.5M,€42K,42,6.5
A. Acquah,25,Ghana,74,Torino,€7M,€37K,37,7
M. Dossevi,29,Togo,74,FC Metz,€5.5M,€18K,18,5.5
A. Waris,25,Ghana,74,FC Lorient,€7M,€9K,9,7
A. Ba,26,Senegal,74,Rayo Vallecano,€5.5M,€11K,11,5.5
J. Adéoti,28,Benin,74,AJ Auxerre,€5M,€9K,9,5
R. Gestede,28,Benin,74,Middlesbrough,€6M,€21K,21,6
Gerso,26,Guinea Bissau,74,Sporting Kansas City,€6.5M,€10K,10,6.5
S. Gakpé,30,Togo,74,Amiens SC Football,€5.5M,€19K,19,5.5
B. Afobe,24,DR Congo,74,Bournemouth,€7.5M,€53K,53,7.5
S. Igboun,26,Nigeria,74,FC Ufa,€6M,€29K,29,6
F. Mubele,23,DR Congo,74,Stade Rennais FC,€7.5M,€22K,22,7.5
M. Mahi,23,Morocco,74,FC Groningen,€7.5M,€12K,12,7.5
D. N'Dinga,29,Congo,74,Medicana Sivasspor,€4.4M,€15K,15,4.4
B. Dramé,31,Senegal,74,Atalanta,€3.7M,€24K,24,3.7
Nosa,26,Nigeria,74,Vancouver Whitecaps FC,€6M,€9K,9,6
E. Skhiri,22,Tunisia,74,Montpellier Hérault SC,€6.5M,€20K,20,6.5
F. Ayité,28,Togo,74,Fulham,€5.5M,€44K,44,5.5
D. Accam,26,Ghana,74,Chicago Fire Soccer Club,€6.5M,€10K,10,6.5
B. Dja Djédjé,26,Ivory Coast,74,Watford,€5.5M,€44K,44,5.5
M. Konaté,24,Senegal,74,Amiens SC Football,€8M,€19K,19,8
C. Obasi,31,Nigeria,74,AIK Solna,€5M,€12K,12,5
C. Ninga,24,Chad,74,Montpellier Hérault SC,€7.5M,€24K,24,7.5
R. Sobhi,20,Egypt,74,Stoke City,€9.5M,€45K,45,9.5
T. Bifouma,25,Congo,74,Medicana Sivasspor,€7.5M,€16K,16,7.5
Kuca,27,Cape Verde,74,Boavista FC,€6M,€10K,10,6
Zainadine,29,Mozambique,74,CS Marítimo,€4.4M,€10K,10,4.4
A. Traoré,28,Burkina Faso,74,Atiker Konyaspor,€5.5M,€19K,19,5.5
A. Iwobi,21,Nigeria,74,Arsenal,€9.5M,€64K,64,9.5
S. Amrabat,20,Morocco,74,Feyenoord,€8.5M,€13K,13,8.5
A. Ndiaye Diedhiou,20,Senegal,74,Getafe CF,€11M,€20K,20,11
A. Adomah,29,Ghana,74,Aston Villa,€5.5M,€37K,37,5.5
L. Traoré,27,Ivory Coast,74,Amiens SC Football,€6.5M,€34K,34,6.5
T. Touré,23,Ivory Coast,74,Angers SCO,€7.5M,€20K,20,7.5
T. Matlaba,29,South Africa,74,Orlando Pirates,€4.3M,€1K,1,4.3
O. Tannane,23,Morocco,74,UD Las Palmas,€7.5M,€28K,28,7.5
K. Kamara,32,Sierra Leone,74,New England Revolution,€4.5M,€10K,10,4.5
O. Onazi,24,Nigeria,74,Trabzonspor,€6M,€23K,23,6
M. Wagué,26,Mali,74,Watford,€6M,€24K,24,6
N. Kebano,25,DR Congo,74,Fulham,€7M,€44K,44,7
A. Romao,33,Togo,74,Olympiakos CFP,€2.3M,€1K,1,2.3
A. Niane,24,Mali,74,ES Troyes AC,€7M,€22K,22,7
P. Mpoku,25,DR Congo,74,Standard de Liège,€7M,€16K,16,7
J. Ikoko,23,DR Congo,74,En Avant de Guingamp,€6.5M,€18K,18,6.5
S. Aluko,28,Nigeria,74,Reading,€5.5M,€38K,38,5.5
A. Koné,33,Ivory Coast,74,Medicana Sivasspor,€3.5M,€17K,17,3.5
M. Leye,34,Senegal,74,KAS Eupen,€3M,€15K,15,3
O. Colley,24,Gambia,74,KRC Genk,€6.5M,€13K,13,6.5
M. Samassa,27,Mali,74,ES Troyes AC,€4.4M,€17K,17,4.4
M. Simon,21,Nigeria,74,KAA Gent,€8M,€19K,19,8
D. Ndong,23,Gabon,74,Sunderland,€8M,€10K,10,8
Ricardo,36,Cape Verde,74,FC Paços de Ferreira,€750K,€8K,8,750
Djalma,30,Angola,74,PAOK Thessaloniki,€5.5M,€1K,1,5.5
T. Serero,27,South Africa,74,Vitesse,€6.5M,€13K,13,6.5
C. Samba,33,Congo,74,Aston Villa,€2.3M,€32K,32,2.3
T. Ndoro,29,Zimbabwe,73,Al Faisaly,€4M,€29K,29,4
O. Assaidi,28,Morocco,73,FC Twente,€4M,€12K,12,4
Carlos Ponck,22,Cape Verde,73,CD Aves,€4.8M,€10K,10,4.8
M. Nakamba,23,Zimbabwe,73,Club Brugge KV,€4.7M,€18K,18,4.7
S. Siani,30,Cameroon,73,KV Oostende,€3.7M,€17K,17,3.7
Mateus,33,Angola,73,Boavista FC,€2.4M,€10K,10,2.4
Idris,32,Senegal,73,Boavista FC,€2.3M,€9K,9,2.3
A. Touré,21,Mali,73,AS Monaco,€5M,€22K,22,5
Héldon,28,Cape Verde,73,Vitória Guimarães,€4M,€17K,17,4
B. Assombalonga,24,DR Congo,73,Middlesbrough,€4.9M,€18K,18,4.9
W. Katsande,31,Zimbabwe,73,Kaizer Chiefs,€2.7M,€1K,1,2.7
C. Njie,23,Cameroon,73,Olympique de Marseille,€5.5M,€26K,26,5.5
F. Diedhiou,24,Senegal,73,Bristol City,€5.5M,€40K,40,5.5
J. Obi,26,Nigeria,73,Torino,€4.9M,€39K,39,4.9
K. Coulibaly,25,Mali,73,FC Nantes,€5M,€24K,24,5
H. Kekana,32,South Africa,73,"",€0,€0.00,0.00,0
A. Lazaar,25,Morocco,73,Benevento Calcio,€4.4M,€50K,50,4.4
I. Sarr,19,Senegal,73,Stade Rennais FC,€7M,€13K,13,7
O. Kayode,24,Nigeria,73,Girona CF,€5.5M,€88K,88,5.5
F. Ogude,29,Nigeria,73,Amkar Perm,€3.1M,€21K,21,3.1
C. Doukouré,24,Ivory Coast,73,Levante UD,€4.7M,€18K,18,4.7
E. Ofori,22,Ghana,73,VfB Stuttgart,€6M,€21K,21,6
K. Musona,27,Zimbabwe,73,KV Oostende,€4.2M,€17K,17,4.2
S. Sanogo,28,Ivory Coast,73,BSC Young Boys,€3.6M,€22K,22,3.6
M. Maâzou,28,Niger,73,RC Lens,€4.1M,€12K,12,4.1
K. Fatai,27,Nigeria,73,FC Ufa,€4.7M,€29K,29,4.7
S. Deli,25,Ivory Coast,73,"",€0,€0.00,0.00,0
M. Diamé,30,Senegal,73,Newcastle United,€3.8M,€58K,58,3.8
H. Traoré,25,Mali,73,Stade Rennais FC,€4.1M,€20K,20,4.1
D. Mesbah,32,Algeria,73,FC Lausanne-Sports,€2.2M,€12K,12,2.2
A. Bouhaddouz,30,Morocco,73,FC St. Pauli,€3.9M,€21K,21,3.9
F. Adi,26,Nigeria,73,Portland Timbers,€5M,€10K,10,5
I. Success,21,Nigeria,73,Watford,€6.5M,€38K,38,6.5
I. Diomandé,24,Ivory Coast,73,SM Caen,€4.5M,€18K,18,4.5
S. Sow,28,Mali,73,Dinamo Moscow,€3.6M,€31K,31,3.6
H. Yebda,33,Algeria,73,CF Os Belenenses,€1.6M,€8K,8,1.6
J. Mbakogu,24,Nigeria,73,Carpi,€5M,€5K,5,5
M. Tisserand,24,DR Congo,73,VfL Wolfsburg,€4.7M,€18K,18,4.7
P. Souaré,27,Senegal,73,Crystal Palace,€3.7M,€44K,44,3.7
M. Sylla,23,Senegal,73,KAA Gent,€5.5M,€20K,20,5.5
M. Samatta,24,Tanzania,73,KRC Genk,€5.5M,€16K,16,5.5
A. Mvuemba,32,DR Congo,73,FC Lorient,€3M,€9K,9,3
A. Hegazy,26,Egypt,73,West Bromwich Albion,€4.2M,€52K,52,4.2
M. Lacen,33,Algeria,73,Getafe CF,€1.6M,€21K,21,1.6
P. Etebo,21,Nigeria,73,CD Feirense,€6M,€9K,9,6
R. Lawal,27,Nigeria,73,Osmanlıspor,€3.9M,€17K,17,3.9
Clinton Mata,24,Angola,73,KRC Genk,€4.3M,€12K,12,4.3
A. Ghazal,25,Egypt,73,Vancouver Whitecaps FC,€4.1M,€8K,8,4.1
A. El-Shenawy,26,Egypt,73,"",€0,€0.00,0.00,0
M. Cornet,20,Ivory Coast,73,Olympique Lyonnais,€6M,€45K,45,6
C. Lungu,26,Zambia,73,Alanyaspor,€4.7M,€16K,16,4.7
A. Gomis,23,Senegal,73,Ferrara (SPAL),€4.4M,€24K,24,4.4
Gelson Dala,20,Angola,73,Sporting CP,€7M,€14K,14,7
I. Sylla,26,Guinea,73,Queens Park Rangers,€5M,€31K,31,5
A. Esiti,23,Nigeria,73,KAA Gent,€4.5M,€17K,17,4.5
F. Chafik,30,Morocco,72,Dijon FCO,€2.2M,€13K,13,2.2
A. Benali,25,Libya,72,Pescara,€3.9M,€4K,4,3.9
B. Parker,31,South Africa,72,Kaizer Chiefs,€2.8M,€1K,1,2.8
K. Omeruo,23,Nigeria,72,Kasimpaşa SK,€3.7M,€48K,48,3.7
L. Veldwijk,25,South Africa,72,FC Groningen,€3.9M,€10K,10,3.9
I. Andriatsima,33,Madagascar,72,FC Sochaux-Montbéliard,€2M,€8K,8,2
E. Boateng,21,Ghana,72,Levante UD,€4.7M,€14K,14,4.7
M. Barrow,24,Gambia,72,Reading,€4.1M,€23K,23,4.1
A. Elmohamady,29,Egypt,72,Aston Villa,€2.4M,€24K,24,2.4
E. Mathoho,27,South Africa,72,Kaizer Chiefs,€3M,€1K,1,3
B. Touré,25,Mali,72,AJ Auxerre,€3.4M,€6K,6,3.4
A. Yahia,35,Tunisia,72,AS Nancy Lorraine,€725K,€4K,4,725
H. Bedimo,33,Cameroon,72,Olympique de Marseille,€1.2M,€18K,18,1.2
E. Kachunga,25,DR Congo,72,Huddersfield Town,€3.9M,€30K,30,3.9
P. Utaka,33,Nigeria,72,F.C. Tokyo,€2M,€11K,11,2
C. Medjani,32,Algeria,72,Medicana Sivasspor,€1.8M,€10K,10,1.8
M. Makola,31,South Africa,72,Orlando Pirates,€2.7M,€1K,1,2.7
N. Pépé,22,Ivory Coast,72,LOSC Lille,€4.6M,€26K,26,4.6
N. Ghilas,27,Algeria,72,Göztepe,€3.3M,€14K,14,3.3
A. Ounas,20,Algeria,72,Napoli,€5M,€32K,32,5
H. Harbaoui,32,Tunisia,72,RSC Anderlecht,€2.5M,€17K,17,2.5
A. Ndour,23,Senegal,72,RC Strasbourg,€3.4M,€13K,13,3.4
A. Diaby,26,Mali,72,Club Brugge KV,€3.7M,€17K,17,3.7
I. Uche,33,Nigeria,72,Gimnàstic de Tarragona,€2M,€9K,9,2
G. Ndy Assembe,31,Cameroon,72,AS Nancy Lorraine,€1.9M,€5K,5,1.9
G. Bong,29,Cameroon,72,Brighton & Hove Albion,€2.4M,€30K,30,2.4
B. Ecuélé Manga,28,Gabon,72,Cardiff City,€2.5M,€20K,20,2.5
K. Dolly,24,South Africa,72,Montpellier Hérault SC,€4.1M,€16K,16,4.1
Manuel da Costa,31,Morocco,72,İstanbul Başakşehir FK,€2.1M,€16K,16,2.1
Y. Bammou,25,Morocco,72,FC Nantes,€4M,€17K,17,4
L. N'Guemo,31,Cameroon,72,Kayserispor,€2.1M,€10K,10,2.1
M. El Kabir,28,Morocco,72,Antalyaspor,€3.2M,€15K,15,3.2
A. Traoré,27,Ivory Coast,72,Göztepe,€2.6M,€12K,12,2.6
Y. Ait Bennasser,20,Morocco,72,SM Caen,€5M,€17K,17,5
O. Nguette,22,Senegal,72,FC Metz,€4.3M,€10K,10,4.3
B. Sako,29,Mali,72,Crystal Palace,€3M,€36K,36,3
M. Diallo,31,Senegal,72,En Avant de Guingamp,€2.1M,€15K,15,2.1
H. Manzala,23,DR Congo,72,Amiens SC Football,€4.6M,€12K,12,4.6
J. Kana-Biyik,27,Cameroon,72,Kayserispor,€2.6M,€10K,10,2.6
S. Ben Youssef,28,Tunisia,72,Kasimpaşa SK,€2.8M,€11K,11,2.8
A. Biyogo Poko,24,Gabon,72,Kardemir Karabükspor,€4M,€10K,10,4
M. Thiam,24,Senegal,72,Juventus,€4.1M,€54K,54,4.1
Y. Banana,25,Cameroon,72,"",€0,€0.00,0.00,0
A. Kali,26,Morocco,72,FC Utrecht,€3.7M,€9K,9,3.7
F. Mendy,28,Guinea Bissau,72,Jeju United FC,€3.2M,€6K,6,3.2
Y. Sylla,26,Mali,72,Panathinaikos FC,€3.3M,€1K,1,3.3
O. Coulibaly,27,Mali,72,Panathinaikos FC,€2.6M,€1K,1,2.6
N. Sliti,24,Tunisia,72,Dijon FCO,€3.8M,€23K,23,3.8
M. Mariga,30,Kenya,72,Real Oviedo,€2.3M,€7K,7,2.3
A. Jali,27,South Africa,72,KV Oostende,€3.2M,€12K,12,3.2
I. Bel Hassani,24,Morocco,72,AZ Alkmaar,€4.1M,€7K,7,4.1
Pelé,25,Guinea Bissau,72,Rio Ave FC,€3.2M,€7K,7,3.2
A. Mangane,34,Senegal,72,RC Strasbourg,€950K,€15K,15,950
S. Allagui,31,Tunisia,72,FC St. Pauli,€2.7M,€14K,14,2.7
B. Mensah,22,Ghana,72,Kasimpaşa SK,€4.6M,€27K,27,4.6
I. Cofie,25,Ghana,72,Genoa,€3.8M,€20K,20,3.8
A. Dioussé,19,Senegal,71,AS Saint-Étienne,€3.7M,€13K,13,3.7
E. Echiéjilé,29,Nigeria,71,Medicana Sivasspor,€1.8M,€11K,11,1.8
K. Boutaïb,30,Morocco,71,Evkur Yeni Malatyaspor,€2.3M,€12K,12,2.3
T. Masilela,32,South Africa,71,Kaizer Chiefs,€1.3M,€1K,1,1.3
E. Ben Nabouhane,28,Comoros,71,Olympiakos CFP,€2.4M,€1K,1,2.4
K. Constant,30,Guinea,71,FC Sion,€2.2M,€16K,16,2.2
I. Bangoura,32,Guinea,71,Al Raed,€1.9M,€17K,17,1.9
Y. Chibsah,24,Ghana,71,Benevento Calcio,€3.3M,€17K,17,3.3
Trezeguet,22,Egypt,71,Kasimpaşa SK,€3.2M,€14K,14,3.2
D. Opare,26,Ghana,71,FC Augsburg,€2.4M,€16K,16,2.4
Ryan Mendes,27,Cape Verde,71,Kayserispor,€2.5M,€11K,11,2.5
Babanco,31,Cape Verde,71,CD Feirense,€2M,€8K,8,2
B. Sarr,26,Senegal,71,Molde FK,€2.6M,€6K,6,2.6
Gégé,29,Cape Verde,71,Al Fayha,€1.8M,€15K,15,1.8
J. Tavares,28,Cape Verde,71,Dijon FCO,€2.4M,€16K,16,2.4
J. Schlupp,24,Ghana,71,Crystal Palace,€2.6M,€27K,27,2.6
W. Mesloub,31,Algeria,71,FC Lorient,€1.6M,€6K,6,1.6
I. Sylla,23,Guinea,71,Toulouse FC,€3.1M,€17K,17,3.1
S. Adegbenro,21,Nigeria,71,Rosenborg BK,€3.7M,€5K,5,3.7
Cyriac,26,Ivory Coast,71,Medicana Sivasspor,€2.8M,€12K,12,2.8
Y. Bounou,26,Morocco,71,Girona CF,€2.1M,€12K,12,2.1
I. Dia,30,Senegal,71,Evkur Yeni Malatyaspor,€2.2M,€11K,11,2.2
S. Sunzu,28,Zambia,71,Arsenal Tula,€2.2M,€26K,26,2.2
R. Hassan,26,Nigeria,71,FC Midtjylland,€2.8M,€19K,19,2.8
B. Diawara,29,Senegal,71,Adelaide United,€2.4M,€7K,7,2.4
Y. Mokhtar,25,Morocco,71,PEC Zwolle,€2.8M,€8K,8,2.8
M. Kone,27,Ivory Coast,71,Cesena,€2.7M,€3K,3,2.7
T. Taiwo,32,Nigeria,71,AFC Eskilstuna,€1.3M,€4K,4,1.3
I. Seck,27,Senegal,71,Waasland-Beveren,€2M,€9K,9,2
R. Aït Atmane,24,Algeria,71,Real Sporting de Gijón,€2.8M,€7K,7,2.8
C. M'Bengue,28,Senegal,71,AS Saint-Étienne,€1.9M,€22K,22,1.9
D. Ndongala,26,DR Congo,71,Standard de Liège,€2.8M,€12K,12,2.8
A. Tighadouini,24,Morocco,71,FC Twente,€3.2M,€14K,14,3.2
R. Coetzee,20,South Africa,71,"",€0,€0.00,0.00,0
Djaniny,26,Cape Verde,71,Santos Laguna,€2.8M,€16K,16,2.8
Nsue,27,Equatorial Guinea,71,Birmingham City,€2M,€19K,19,2
P. Sané,25,Senegal,71,AJ Auxerre,€3.2M,€17K,17,3.2
M. Abdul Shafy,32,Egypt,71,Al Ahli,€1.3M,€24K,24,1.3
K. Sankaré,32,Senegal,71,Cádiz C.F.,€1.4M,€6K,6,1.4
R. Mphahlele,27,South Africa,71,Kaizer Chiefs,€2.2M,€1K,1,2.2
H. Goitom,32,Eritrea,71,AIK Solna,€1.9M,€8K,8,1.9
C. Diandy,26,Senegal,71,Sporting Charleroi,€2.4M,€10K,10,2.4
A. Traoré,22,Mali,71,AS Monaco,€3.4M,€19K,19,3.4
A. Warda,23,Egypt,71,"",€0,€0.00,0.00,0
S. Yago,24,Burkina Faso,71,Toulouse FC,€2.6M,€16K,16,2.6
V. Nsimba,23,DR Congo,71,Bourg en Bresse Péronnas 01,€2.8M,€4K,4,2.8
R. Alioui,25,Morocco,71,Nîmes Olympique,€3.1M,€5K,5,3.1
E. Asante,28,Ghana,71,FC Nordsjælland,€2.4M,€13K,13,2.4
H. Kage,27,DR Congo,71,KV Kortrijk,€2.5M,€11K,11,2.5
S. Bamba,32,Ivory Coast,71,Cardiff City,€1.4M,€19K,19,1.4
S. Diallo,26,Guinea,71,Evkur Yeni Malatyaspor,€2.9M,€11K,11,2.9
F. Diagne,27,Senegal,71,FC Metz,€2M,€17K,17,2
J. Boye,30,Ghana,71,Medicana Sivasspor,€1.8M,€10K,10,1.8
A. Kashi,28,Algeria,71,Charlton Athletic,€1.9M,€10K,10,1.9
L. Mabiala,29,DR Congo,71,Portland Timbers,€1.8M,€6K,6,1.8
A. Baby,28,Senegal,71,Sporting Charleroi,€2.4M,€12K,12,2.4
C. Embalo,22,Guinea Bissau,71,Palermo,€3.5M,€3K,3,3.5
A. Issoko,25,DR Congo,71,Vitória Setúbal,€2.4M,€6K,6,2.4
A. Harit,20,Morocco,71,FC Schalke 04,€4.2M,€19K,19,4.2
A. Camara,27,Guinea,71,En Avant de Guingamp,€2.5M,€18K,18,2.5
D. N'Doye,32,Senegal,71,Trabzonspor,€1.9M,€23K,23,1.9
A. Zambo Anguissa,21,Cameroon,71,Olympique de Marseille,€2.9M,€13K,13,2.9
W. Troost-Ekong,23,Nigeria,71,Bursaspor,€2.7M,€10K,10,2.7
J. Boga,20,Ivory Coast,71,Birmingham City,€3.8M,€48K,48,3.8
Y. Ngbakoto,25,DR Congo,71,Queens Park Rangers,€2.9M,€20K,20,2.9
A. Oyongo,26,Cameroon,71,Montreal Impact,€2.4M,€6K,6,2.4
A. Akaichi,28,Tunisia,71,Al Ittihad,€2.4M,€29K,29,2.4
M. Abeid,24,Algeria,71,Dijon FCO,€3M,€12K,12,3
R. Halliche,30,Algeria,71,Estoril Praia,€1.8M,€7K,7,1.8
I. Bebou,23,Togo,71,Hannover 96,€3.2M,€23K,23,3.2
H. Ghaly,35,Egypt,71,Al Nassr,€1M,€19K,19,1
I. Sarr,30,Senegal,71,Orlando Pirates,€1.8M,€1K,1,1.8
A. Hakimi,18,Morocco,71,Real Madrid CF,€3M,€37K,37,3
I. Cissokho,32,Senegal,71,Amiens SC Football,€1.3M,€13K,13,1.3
B. Saré,27,Burkina Faso,71,CF Os Belenenses,€2.3M,€5K,5,2.3
E. Adu,26,Ghana,71,Akhisar Belediyespor,€2.5M,€13K,13,2.5
L. Coulibaly,21,Mali,71,Angers SCO,€3.3M,€13K,13,3.3
M. Etame,28,Cameroon,71,Alanyaspor,€2.4M,€12K,12,2.4
C. Nhamoinesu,31,Zimbabwe,71,Sparta Praha,€1.6M,€1K,1,1.6
Sami,28,Guinea Bissau,71,CD Aves,€2.4M,€11K,11,2.4
U. Agbo,21,Nigeria,71,Standard de Liège,€3M,€24K,24,3
H. Belkaroui,26,Algeria,71,Moreirense FC,€2.4M,€5K,5,2.4
A. Tetteh,28,Ghana,71,Lech Poznań,€2.2M,€8K,8,2.2
C. Awaziem,20,Nigeria,71,FC Nantes,€3.6M,€7K,7,3.6
C. Fai,24,Cameroon,71,Standard de Liège,€2.5M,€9K,9,2.5
C. Mavinga,26,DR Congo,71,Toronto FC,€2.3M,€6K,6,2.3
F. Ben Khalfallah,34,Tunisia,71,Brisbane Roar,€1.2M,€6K,6,1.2
R. Abdullah,23,Comoros,70,Cádiz C.F.,€2M,€5K,5,2
N. Sarenren Bazee,20,Nigeria,70,Hannover 96,€3.2M,€20K,20,3.2
K. Erasmus,26,South Africa,70,Stade Rennais FC,€1.9M,€18K,18,1.9
K. Abdallah,30,Comoros,70,Al Raed,€1.3M,€14K,14,1.3
F. Boulaya,24,Algeria,70,Girona CF,€2.4M,€14K,14,2.4
A. Bangoura,25,Guinea,70,Rayo Vallecano,€2.2M,€8K,8,2.2
R. Assalé,23,Ivory Coast,70,BSC Young Boys,€2.8M,€15K,15,2.8
M. Yattara,23,Guinea,70,AJ Auxerre,€2.4M,€7K,7,2.4
Alfa Semedo,19,Guinea Bissau,70,Moreirense FC,€2.7M,€3K,3,2.7
M. Azira,29,Uganda,70,Colorado Rapids,€1.4M,€6K,6,1.4
D. Keet,27,South Africa,70,"",€0,€0.00,0.00,0
M. Nyatama,29,South Africa,70,Orlando Pirates,€1.7M,€1K,1,1.7
K. Laribi,26,Tunisia,70,Cesena,€2.2M,€3K,3,2.2
D. Guidileye,27,Mauritania,70,Gençlerbirliği SK,€1.7M,€12K,12,1.7
L. Owona,26,Cameroon,70,UD Almería,€1.8M,€7K,7,1.8
A. Ahamada,25,Comoros,70,Kayserispor,€1.5M,€8K,8,1.5
T. Rantie,26,South Africa,70,Gençlerbirliği SK,€1.9M,€14K,14,1.9
T. Langerman,31,South Africa,70,"",€0,€0.00,0.00,0
K. LuaLua,26,DR Congo,70,Queens Park Rangers,€2.1M,€31K,31,2.1
A. Sutchuin-Djoum,28,Cameroon,70,Heart of Midlothian,€1.8M,€7K,7,1.8
J. Mensah,26,Ghana,70,Columbus Crew SC,€1.7M,€6K,6,1.7
S. Saad,28,Egypt,70,"",€0,€0.00,0.00,0
Manucho,34,Angola,70,Rayo Vallecano,€925K,€10K,10,925
H. Afful,31,Ghana,70,Columbus Crew SC,€1.2M,€6K,6,1.2
Shikabala,31,Egypt,70,Al Raed,€1.6M,€17K,17,1.6
H. Bouazza,32,Algeria,70,Tours FC,€1.4M,€6K,6,1.4
D. Djené,25,Togo,70,Getafe CF,€1.9M,€14K,14,1.9
Munir,28,Morocco,70,CD Numancia,€1.4M,€6K,6,1.4
G. Mandjeck,28,Cameroon,70,Sparta Praha,€1.4M,€1K,1,1.4
M. Fofana,25,Ivory Coast,70,Atiker Konyaspor,€2.2M,€13K,13,2.2
A. Guédioura,31,Algeria,70,Middlesbrough,€1.5M,€13K,13,1.5
M. Chrétien,32,Morocco,70,AS Nancy Lorraine,€1M,€6K,6,1
C. Kouakou,26,Ivory Coast,70,SM Caen,€2.1M,€18K,18,2.1
A. Bouka Moutou,28,Congo,70,Dijon FCO,€1.4M,€13K,13,1.4
A. Ngamukol,29,Equatorial Guinea,70,Stade de Reims,€1.8M,€9K,9,1.8
C. Akolo,22,DR Congo,70,VfB Stuttgart,€3.2M,€17K,17,3.2
E. Gyasi,26,Ghana,70,Aalesunds FK,€2.1M,€4K,4,2.1
D. Nounkeu,31,Cameroon,70,Kardemir Karabükspor,€1.2M,€10K,10,1.2
M. Doumbia,22,Mali,70,FC Rostov,€2.7M,€22K,22,2.7
A. Diallo,25,Senegal,70,Stade Rennais FC,€1.7M,€12K,12,1.7
Y. Touzghar,30,Tunisia,70,FC Sochaux-Montbéliard,€1.7M,€8K,8,1.7
A. Gcaba,31,South Africa,70,Orlando Pirates,€1.2M,€1K,1,1.2
A. Sissoko,27,Mali,70,Akhisar Belediyespor,€1.5M,€12K,12,1.5
E. El Hadary,44,Egypt,70,Al Taawoun,€120K,€7K,7,120
E. Ohemeng,21,Ghana,70,Moreirense FC,€2.8M,€5K,5,2.8
C. Ikeme,31,Nigeria,70,Wolverhampton Wanderers,€1.1M,€25K,25,1.1
C. Yambéré,26,Central African Rep.,70,Dijon FCO,€1.9M,€13K,13,1.9
M. Fouzair,25,Morocco,70,Al Nassr,€2.2M,€25K,25,2.2
M. Abu,25,Ghana,70,Columbus Crew SC,€2M,€6K,6,2
S. Badji,27,Senegal,70,Kayserispor,€1.7M,€15K,15,1.7
Y. Hadji,37,Morocco,70,AS Nancy Lorraine,€625K,€5K,5,625
A. Bamba,27,Ivory Coast,70,Angers SCO,€1.5M,€15K,15,1.5
M. Ngadeu-Ngadjui,26,Cameroon,70,"",€0,€0.00,0.00,0
V. Sané,27,Senegal,70,AJ Auxerre,€1.7M,€12K,12,1.7
T. Rakhale,27,South Africa,70,Orlando Pirates,€1.9M,€1K,1,1.9
A. Taarabt,28,Morocco,70,Genoa,€1.8M,€9K,9,1.8
S. Kalu,19,Nigeria,70,KAA Gent,€3.1M,€9K,9,3.1
Y. Abdelhamid,29,Morocco,70,Stade de Reims,€1.4M,€7K,7,1.4
P. Oniangué,28,Congo,70,Wolverhampton Wanderers,€1.8M,€35K,35,1.8
D. Bouanga,22,Gabon,70,FC Lorient,€2.7M,€6K,6,2.7
P. Diamanka,27,Senegal,70,CD Numancia,€2M,€8K,8,2
I. Sangaré,19,Ivory Coast,70,Toulouse FC,€2.7M,€10K,10,2.7
G. Oboabona,26,Nigeria,70,Al Ahli,€1.8M,€24K,24,1.8
J. Maghoma,29,DR Congo,70,Birmingham City,€1.7M,€21K,21,1.7
F. Friday,22,Nigeria,70,AZ Alkmaar,€2.5M,€8K,8,2.5
A. Gnoukouri,20,Ivory Coast,70,Inter,€2.8M,€29K,29,2.8
A. Yiadom,25,Ghana,70,Barnsley,€1.8M,€8K,8,1.8
M. Gould,34,South Africa,70,"",€0,€0.00,0.00,0
E. Salli,24,Cameroon,70,1. FC Nürnberg,€2.3M,€9K,9,2.3
Y. Bissouma,20,Mali,70,LOSC Lille,€2.8M,€21K,21,2.8
B. Ndoye,23,Senegal,70,FC Sion,€2.4M,€11K,11,2.4
K. Adenon,31,Benin,70,Amiens SC Football,€1.2M,€13K,13,1.2
J. Rassoul,21,Senegal,70,Sporting Lokeren,€2.3M,€8K,8,2.3
B. Assou-Ekotto,33,Cameroon,70,FC Metz,€675K,€10K,10,675
D. Bakar,28,Comoros,70,Tours FC,€1.8M,€6K,6,1.8
L. Phiri,22,South Africa,70,En Avant de Guingamp,€2.5M,€13K,13,2.5
I. Conté,26,Guinea,70,KV Oostende,€2.1M,€12K,12,2.1
D. Kumbela,33,DR Congo,70,Eintracht Braunschweig,€1.1M,€19K,19,1.1
Y. Musavu-King,25,Gabon,70,FC St. Gallen,€1.9M,€16K,16,1.9
P. Olayinka,21,Nigeria,70,SV Zulte-Waregem,€2.7M,€13K,13,2.7
D. Benlamri,27,Algeria,70,Al Shabab,€1.5M,€21K,21,1.5
Z. Touré,27,Senegal,70,FC Lorient,€1.7M,€6K,6,1.7
S. Ganvoula,21,Congo,70,KV Mechelen,€2.7M,€14K,14,2.7
W. Sandilands,33,South Africa,70,Orlando Pirates,€900K,€1K,1,900
A. Olanare,23,Nigeria,69,CSKA Moscow,€1.4M,€23K,23,1.4
R. Munsy,27,DR Congo,69,Grasshopper Club Zürich,€1.1M,€13K,13,1.1
E. Boateng,23,Ghana,69,LA Galaxy,€1.4M,€5K,5,1.4
L. Manyama,26,South Africa,69,Atiker Konyaspor,€1.2M,€11K,11,1.2
S. Eduok,23,Nigeria,69,Kasimpaşa SK,€1.4M,€8K,8,1.4
L. Gordinho,23,South Africa,69,Kaizer Chiefs,€1.2M,€1K,1,1.2
S. Ameobi,25,Nigeria,69,Bolton Wanderers,€1.3M,€20K,20,1.3
S. Koita,23,Niger,69,Amiens SC Football,€1.5M,€11K,11,1.5
O. El Hajjam,26,Morocco,69,Amiens SC Football,€1.1M,€11K,11,1.1
S. Ciss,28,Senegal,69,Angers SCO,€825K,€13K,13,825
D. Zuma,22,South Africa,69,Kaizer Chiefs,€1.5M,€1K,1,1.5
M. Masango,27,South Africa,69,Randers FC,€1.1M,€9K,9,1.1
A. El Messaoudi,21,Morocco,69,KV Mechelen,€1.3M,€7K,7,1.3
A. Guié Guié,30,Ivory Coast,69,US Orléans Loiret Football,€1M,€5K,5,1
Sunny,28,Nigeria,69,Real Salt Lake,€850K,€5K,5,850
O. Gaber,25,Egypt,69,FC Basel,€1.2M,€18K,18,1.2
R. M'Bolhi,31,Algeria,69,Stade Rennais FC,€650K,€10K,10,650
Z. Ferhat,24,Algeria,69,Le Havre AC,€1.4M,€5K,5,1.4
K. Sarfo,22,Ghana,69,Malmö FF,€1.7M,€4K,4,1.7
S. Abdullahi,20,Nigeria,69,Eintracht Braunschweig,€1.6M,€13K,13,1.6
E. Ocansey,19,Ghana,69,KAS Eupen,€1.8M,€5K,5,1.8
G. Maluleka,28,South Africa,69,Kaizer Chiefs,€1M,€1K,1,1
T. Tchani,28,Cameroon,69,Vancouver Whitecaps FC,€850K,€5K,5,850
K. Haggui,33,Tunisia,69,FC St. Gallen,€425K,€9K,9,425
M. Sayouba,24,Ivory Coast,69,Stabæk Fotball,€1M,€2K,2,1
P. Ofosu-Ayeh,25,Ghana,69,Wolverhampton Wanderers,€1.1M,€24K,24,1.1
H. Jele,30,South Africa,69,Orlando Pirates,€750K,€1K,1,750
M. Yatabaré,31,Mali,69,Kardemir Karabükspor,€950K,€10K,10,950
F. N'Ganga,32,Congo,69,Sporting Charleroi,€575K,€9K,9,575
X. Kouassi,27,Ivory Coast,69,New England Revolution,€1M,€5K,5,1
M. Terki,25,Algeria,69,Sporting Lokeren,€1.3M,€9K,9,1.3
L. Karaboué,29,Ivory Coast,69,Valenciennes FC,€1M,€4K,4,1
S. Camara,34,Senegal,69,Montpellier Hérault SC,€550K,€16K,16,550
N. Aankour,23,Morocco,69,Korona Kielce,€1.5M,€4K,4,1.5
A. Duiedar,29,Egypt,69,"",€0,€0.00,0.00,0
A. Youga,24,Central African Rep.,69,Le Havre AC,€1.2M,€4K,4,1.2
M. Zeffane,25,Algeria,69,Stade Rennais FC,€1.1M,€12K,12,1.1
A. Walongwa,23,Congo,69,FC Nantes,€1.2M,€11K,11,1.2
E. Assifuah,23,Ghana,69,Le Havre AC,€1.4M,€5K,5,1.4
A. Kantari,32,Morocco,69,Valenciennes FC,€600K,€4K,4,600
I. Mbaye,22,Senegal,69,Bologna,€1.3M,€21K,21,1.3
Y. En-Nesyri,20,Morocco,69,Málaga CF,€1.7M,€12K,12,1.7
B. Mokulu,27,DR Congo,69,Cremonese,€1.2M,€3K,3,1.2
M. Olunga,23,Kenya,69,Girona CF,€1.6M,€13K,13,1.6
C. Aboagye,22,Ghana,69,Club Atlas,€1.5M,€6K,6,1.5
E. Dennis,19,Nigeria,69,Club Brugge KV,€1.8M,€9K,9,1.8
M. Jean Tahrat,27,Algeria,69,Angers SCO,€1M,€13K,13,1
A. Kwarasey,29,Ghana,69,Vålerenga Fotball,€825K,€3K,3,825
S. Fortès,25,Cape Verde,69,Toulouse FC,€1.1M,€14K,14,1.1
M. Kone,25,Ivory Coast,69,CD Leganés,€1.4M,€14K,14,1.4
A. Kamara,24,Sierra Leone,69,BK Häcken,€1.4M,€3K,3,1.4
I. Vetokele,25,Angola,69,Sint-Truidense VV,€1.3M,€9K,9,1.3
C. Keita,20,Mali,69,Bologna,€1.6M,€12K,12,1.6
J. Lazare Amani,19,Ivory Coast,69,KAS Eupen,€1.8M,€5K,5,1.8
E. Kangwa,24,Zambia,69,Arsenal Tula,€1.4M,€14K,14,1.4
W. Kanon,23,Ivory Coast,69,ADO Den Haag,€1.2M,€6K,6,1.2
J. Da Costa,26,Cape Verde,69,RC Strasbourg,€1.3M,€15K,15,1.3
L. Sam,32,Ghana,69,D.C. United,€825K,€5K,5,825
S. Ekramy,33,Egypt,69,"",€0,€0.00,0.00,0
B. Khuzwayo,27,South Africa,69,Kaizer Chiefs,€850K,€1K,1,850
Nuno Rocha,25,Cape Verde,69,FC Tosno,€1.4M,€13K,13,1.4
Ronaldo Vieira,18,Guinea Bissau,69,Leeds United,€2M,€10K,10,2
T. Qalinge,25,South Africa,69,Orlando Pirates,€1.2M,€1K,1,1.2
I. Jebali,25,Tunisia,69,IF Elfsborg,€1.4M,€4K,4,1.4
B. Angoua,30,Ivory Coast,69,New England Revolution,€775K,€13K,13,775
V. Angban,20,Ivory Coast,69,Waasland-Beveren,€1.5M,€6K,6,1.5
F. Bachirou,27,Comoros,69,Östersunds FK,€1.2M,€4K,4,1.2
R. Faty,30,Senegal,69,Bursaspor,€775K,€10K,10,775
J. Aholou,23,Ivory Coast,69,RC Strasbourg,€1.3M,€11K,11,1.3
N. Daghfous,30,Tunisia,69,SV Sandhausen,€1M,€5K,5,1
Iban Salvador,21,Equatorial Guinea,69,Real Valladolid,€1.7M,€5K,5,1.7
N. Dicko,25,Mali,69,Hull City,€1.3M,€8K,8,1.3
E. Yao Guy,21,Ivory Coast,69,FC Lugano,€1.4M,€4K,4,1.4
D. Delarge,27,Congo,69,Bursaspor,€1.1M,€11K,11,1.1
E. Ambrose,28,Nigeria,69,Hibernian,€850K,€5K,5,850
I. Mathew,20,Nigeria,68,Lillestrøm SK,€1.6M,€3K,3,1.6
S. Diarra,33,Mali,68,Valenciennes FC,€550K,€4K,4,550
K. Buchanan,26,South Africa,68,Kaizer Chiefs,€1.1M,€1K,1,1.1
F. Sacko,22,Mali,68,Vitória Guimarães,€1.2M,€5K,5,1.2
J. Molangoane,29,South Africa,68,Kaizer Chiefs,€875K,€1K,1,875
T. Tissoudali,24,Morocco,68,VVV-Venlo,€1.2M,€5K,5,1.2
Y. Tafer,26,Algeria,68,FC St. Gallen,€1.1M,€10K,10,1.1
Akapo,24,Equatorial Guinea,68,SD Huesca,€1M,€5K,5,1
B. Srarfi,20,Tunisia,68,OGC Nice,€2M,€16K,16,2
M. Thiam,22,Senegal,68,Barnsley,€1.4M,€7K,7,1.4
Y. Eteki,19,Cameroon,68,Sevilla Atlético,€1.4M,€2K,2,1.4
B. Sangaré,31,Ivory Coast,68,"",€0,€0.00,0.00,0
Núrio,22,Angola,68,Sporting Charleroi,€1M,€7K,7,1
M. Abubakari,31,Ghana,68,BK Häcken,€600K,€3K,3,600
C. Diarra,25,Mali,68,Tours FC,€1.2M,€5K,5,1.2
K. Igboananike,28,Nigeria,68,Örebro SK,€925K,€4K,4,925
G. Baah,25,Ghana,68,New York Red Bulls,€950K,€5K,5,950
B. Kumordzi,32,Ghana,68,KV Kortrijk,€525K,€9K,9,525
M. Coly,33,Senegal,68,Parma,€375K,€4K,4,375
M. Cissokho,30,Senegal,68,US Orléans Loiret Football,€850K,€4K,4,850
Ença Fati,23,Guinea Bissau,68,Moreirense FC,€1.2M,€4K,4,1.2
A. Mobara,23,South Africa,68,Orlando Pirates,€1.1M,€1K,1,1.1
G. N'Gosso,32,Cameroon,68,Amiens SC Football,€525K,€11K,11,525
P. Mandanda,27,DR Congo,68,Sporting Charleroi,€700K,€7K,7,700
A. Mbengue,25,Senegal,68,Terek Grozny,€1.2M,€20K,20,1.2
S. Morsy,25,Egypt,68,Wigan Athletic,€1.1M,€8K,8,1.1
I. Ouali,29,Algeria,68,KV Kortrijk,€875K,€10K,10,875
L. Nomenjanahary,31,Madagascar,68,Paris FC,€775K,€5K,5,775
J. Tshibumbu,28,DR Congo,68,Tours FC,€925K,€6K,6,925
L. Agouazi,33,Algeria,68,Chamois Niortais FC,€375K,€4K,4,375
S. Yatabaré,28,Mali,68,Royal Antwerp FC,€900K,€17K,17,900
E. Manu,23,Ghana,68,Gençlerbirliği SK,€1.2M,€11K,11,1.2
M. Baudry,27,Congo,68,SV Zulte-Waregem,€875K,€9K,9,875
Simy,25,Nigeria,68,Crotone,€1.1M,€9K,9,1.1
C. Alhadhur,25,Comoros,68,La Berrichonne de Châteauroux,€925K,€12K,12,925
R. Williams,25,South Africa,68,"",€0,€0.00,0.00,0
I. Vorsah,29,Ghana,68,Ohod Club,€700K,€12K,12,700
Z. Bergdich,28,Morocco,68,FC Sochaux-Montbéliard,€900K,€7K,7,900
F. Gounongbe,29,Benin,68,Cardiff City,€900K,€19K,19,900
M. Gouaida,24,Tunisia,68,Hamburger SV,€1.2M,€17K,17,1.2
I. Uzochukwu,27,Nigeria,68,Odense Boldklub,€1M,€9K,9,1
A. Ajagun,25,Nigeria,68,KV Kortrijk,€1.1M,€9K,9,1.1
O. Bouy,24,Morocco,68,C.D. Leonesa S.A.D.,€1M,€16K,16,1
J. Dongou Tsafack,22,Cameroon,68,Gimnàstic de Tarragona,€1.4M,€7K,7,1.4
G. Koffie,25,Ghana,68,New England Revolution,€925K,€3K,3,925
B. Sanneh,22,Gambia,68,AC Horsens,€1.5M,€6K,6,1.5
M. Fatau,24,Ghana,68,Al Qadisiyah,€1M,€8K,8,1
E. Enza-Yamissi,34,Central African Rep.,68,Valenciennes FC,€270K,€4K,4,270
E. Onuachu,23,Nigeria,68,FC Midtjylland,€1.3M,€15K,15,1.3
J. Assoubre,24,Ivory Coast,68,Gimnàstic de Tarragona,€1.1M,€7K,7,1.1
P. Eze,24,Nigeria,68,Atiker Konyaspor,€1.2M,€11K,11,1.2
G. Koomson,22,Ghana,68,Sogndal,€1.4M,€3K,3,1.4
J. Akpala,30,Nigeria,68,KV Oostende,€875K,€11K,11,875
D. Bahamboula,22,Congo,68,Dijon FCO,€1.2M,€11K,11,1.2
A. El-Said,31,Egypt,68,"",€0,€0.00,0.00,0
Fredy,27,Angola,68,CF Os Belenenses,€950K,€5K,5,950
J. Minala,20,Cameroon,68,Salernitana,€1.4M,€19K,19,1.4
S. Allagbé,23,Benin,68,Chamois Niortais FC,€975K,€3K,3,975
H. Belkebla,23,Algeria,68,Tours FC,€1.4M,€4K,4,1.4
K. Hafez,21,Egypt,68,RC Lens,€1.1M,€4K,4,1.1
S. Benrahma,21,Algeria,68,La Berrichonne de Châteauroux,€1.3M,€14K,14,1.3
A. Mbengue,23,Senegal,68,SM Caen,€1.1M,€11K,11,1.1
K. Matmour,32,Algeria,68,Adelaide United,€700K,€5K,5,700
L. Abdi,28,Somalia,68,FK Haugesund,€900K,€3K,3,900
R. Rabia,24,Egypt,68,"",€0,€0.00,0.00,0
M. Diagne,23,Senegal,68,AS Nancy Lorraine,€1.1M,€4K,4,1.1
S. Doukara,25,Senegal,68,Osmanlıspor,€1.1M,€12K,12,1.1
K. Schindler,23,Ghana,68,Holstein Kiel,€1.2M,€7K,7,1.2
G. Arokoyo,24,Nigeria,68,Portland Timbers,€1.1M,€4K,4,1.1
A. Traoré,27,Senegal,68,Nottingham Forest,€750K,€16K,16,750
L. Gassama,27,Senegal,68,Alanyaspor,€825K,€8K,8,825
S. Martinsson Ngouali,25,Gabon,68,Hammarby IF,€1.2M,€4K,4,1.2
C. Bedia,21,Ivory Coast,68,Sporting Charleroi,€1.3M,€8K,8,1.3
W. Twala,27,South Africa,67,Kaizer Chiefs,€800K,€1K,1,800
M. Bagayoko,27,Ivory Coast,67,"",€0,€0.00,0.00,0
M. Hongla,19,Cameroon,67,Granada CF,€875K,€3K,3,875
H. Diallo,22,Senegal,67,Stade Brestois 29,€1.1M,€9K,9,1.1
H. Maïga,21,Ivory Coast,67,AS Saint-Étienne,€1.2M,€13K,13,1.2
A. Seck,25,Senegal,67,Sandefjord Fotball,€825K,€3K,3,825
K. Madu,21,Nigeria,67,SV Zulte-Waregem,€975K,€7K,7,975
W. Kamavuaka,27,DR Congo,67,SV Darmstadt 98,€750K,€13K,13,750
A. Gabr,30,Egypt,67,"",€0,€0.00,0.00,0
F. Farnolle,32,Benin,67,Evkur Yeni Malatyaspor,€450K,€7K,7,450
R. Azeez,24,Nigeria,67,CD Lugo,€900K,€5K,5,900
F. Kadir,33,Algeria,67,AD Alcorcón,€475K,€7K,7,475
Z. El Azzouzi,21,Morocco,67,Excelsior,€1.1M,€7K,7,1.1
M. Fathi,23,Egypt,67,Al Taawoun,€1.2M,€11K,11,1.2
L. Kassi,22,Ivory Coast,67,Stabæk Fotball,€1M,€3K,3,1
A. Messaoud,26,Morocco,67,Excelsior,€950K,€7K,7,950
R. Mandanda,24,DR Congo,67,AC Ajaccio,€850K,€3K,3,850
Ricardo Nunes,31,South Africa,67,Pogoń Szczecin,€500K,€4K,4,500
D. Diaw,22,Senegal,67,Korona Kielce,€1.1M,€3K,3,1.1
I. Sackey,23,Ghana,67,Alanyaspor,€925K,€7K,7,925
P. Malong,21,Cameroon,67,Granada CF,€1.2M,€20K,20,1.2
L. Olum,32,Kenya,67,Portland Timbers,€450K,€5K,5,450
Aurélio Buta,20,Angola,67,Royal Antwerp FC,€1.1M,€6K,6,1.1
B. Ogbeche,32,Nigeria,67,Willem II,€600K,€8K,8,600
T. Agyepong,21,Ghana,67,NAC Breda,€1.1M,€5K,5,1.1
M. Carayol,28,Gambia,67,Nottingham Forest,€775K,€18K,18,775
S. Gbohouo,28,Ivory Coast,67,"",€0,€0.00,0.00,0
M. Nkololo,24,DR Congo,67,SM Caen,€1M,€12K,12,1
T. Zwane,27,South Africa,67,"",€0,€0.00,0.00,0
N. Toko,26,DR Congo,67,FC St. Gallen,€900K,€10K,10,900
E. Kouassi,19,Ivory Coast,67,Celtic,€1.5M,€14K,14,1.5
J. Nsamé,24,Cameroon,67,BSC Young Boys,€1M,€13K,13,1
B. Enobakhare,19,Nigeria,67,Wolverhampton Wanderers,€1.4M,€16K,16,1.4
S. Khumalo,27,South Africa,67,Kaizer Chiefs,€625K,€1K,1,625
A. Tembeng,25,Cameroon,67,Tondela,€800K,€4K,4,800
W. Kaptoum,20,Cameroon,67,FC Barcelona B,€1.3M,€4K,4,1.3
A. Askar,31,Ethiopia,67,Sarpsborg 08 FF,€675K,€3K,3,675
J. Aidoo,21,Ghana,67,KRC Genk,€925K,€7K,7,925
Mama Baldé,21,Guinea Bissau,67,CD Aves,€975K,€7K,7,975
K. Adams Nuhu,22,Ghana,67,BSC Young Boys,€850K,€11K,11,850
J. Fortes,28,Cape Verde,67,Excelsior,€625K,€7K,7,625
A. Origi,33,Kenya,67,Lillestrøm SK,€375K,€3K,3,375
J. Buatu Mananga,23,Angola,67,Waasland-Beveren,€875K,€6K,6,875
Piqueti,24,Guinea Bissau,67,CS Marítimo,€1M,€6K,6,1
D. Badji,24,Senegal,67,Colorado Rapids,€1M,€5K,5,1
L. Abubakar,22,Ghana,67,Columbus Crew SC,€850K,€4K,4,850
F. N'Sakala,26,DR Congo,67,Alanyaspor,€725K,€8K,8,725
P. Nyarko,31,Ghana,67,D.C. United,€675K,€5K,5,675
M. Fall,25,Senegal,67,Sporting Charleroi,€925K,€9K,9,925
C. Bejarano,32,Equatorial Guinea,67,CD America de Cali,€450K,€1K,1,450
M. Benyettou,27,Algeria,67,Al Shabab,€825K,€21K,21,825
G. Landel,26,Guinea,67,Alanyaspor,€775K,€8K,8,775
Y. Bnou-Marzouk,21,Morocco,67,FC Lugano,€1.4M,€5K,5,1.4
F. Etoundi,26,Cameroon,67,Kasimpaşa SK,€900K,€10K,10,900
T. Sangweni,28,South Africa,67,Orlando Pirates,€750K,€1K,1,750
M. Odjer,20,Ghana,67,Salernitana,€1.7M,€3K,3,1.7
K. Bru,28,Mauritius,67,Ipswich Town,€750K,€13K,13,750
K. Onuegbu,31,Nigeria,67,MSV Duisburg,€675K,€5K,5,675
S. Umar,20,Nigeria,67,Torino,€1.5M,€27K,27,1.5
J. Attamah,23,Ghana,67,İstanbul Başakşehir FK,€925K,€12K,12,925
N. Ngamaleu,22,Cameroon,67,BSC Young Boys,€1.1M,€13K,13,1.1
Q. Antipas,33,Zimbabwe,67,Hobro IK,€475K,€8K,8,475
D. Diagné,22,Senegal,67,KAS Eupen,€900K,€6K,6,900
L. Azouni,23,Tunisia,67,KV Kortrijk,€1.1M,€8K,8,1.1
W. Jebor,25,Liberia,67,Al Nassr,€950K,€23K,23,950
S. Emaná,23,Cameroon,67,Gimnàstic de Tarragona,€1.1M,€7K,7,1.1
J. Monteiro,23,Cape Verde,67,Heracles Almelo,€1.1M,€6K,6,1.1
A. Mallé,19,Mali,67,Udinese,€1.4M,€9K,9,1.4
M. Bokadi,25,DR Congo,67,Standard de Liège,€800K,€9K,9,800
M. Djetei,22,Cameroon,67,Gimnàstic de Tarragona,€1.1M,€5K,5,1.1
D. Lukebakio,19,DR Congo,67,Sporting Charleroi,€1.4M,€8K,8,1.4
A. Fathi,32,Egypt,67,"",€0,€0.00,0.00,0
J. Mabokgwane,29,South Africa,67,Orlando Pirates,€525K,€1K,1,525
M. Turay,22,Sierra Leone,67,AFC Eskilstuna,€1.1M,€3K,3,1.1
F. Rherras,24,Morocco,67,KV Mechelen,€825K,€7K,7,825
B. Addae,24,Ghana,67,Ascoli,€975K,€3K,3,975
J. Botaka,24,DR Congo,66,Sint-Truidense VV,€850K,€3K,3,850
S. Marreh,21,Gambia,66,Real Valladolid,€775K,€10K,10,775
J. Obiang,23,Gabon,66,ES Troyes AC,€700K,€5K,5,700
U. Bangura,29,Sierra Leone,66,FC Zürich,€575K,€5K,5,575
F. Bagnack,22,Cameroon,66,FC Admira Wacker Mödling,€700K,€3K,3,700
B. Tabla,18,Ivory Coast,66,Montreal Impact,€1.3M,€2K,2,1.3
M. Methnani,25,Tunisia,66,Al Qadisiyah,€800K,€5K,5,800
A. Dona Ndoh,31,Cameroon,66,Chamois Niortais FC,€575K,€3K,3,575
M. Tagbajumi,29,Nigeria,66,Lillestrøm SK,€650K,€2K,2,650
M. Bolly,26,Ivory Coast,66,SpVgg Greuther Fürth,€750K,€4K,4,750
J. Mendy,27,Senegal,66,Kristiansund BK,€675K,€2K,2,675
F. Harek,34,Algeria,66,Nîmes Olympique,€200K,€2K,2,200
R. Dwamena,21,Ghana,66,FC Zürich,€1.1M,€4K,4,1.1
O. Orji,19,Nigeria,66,Bologna,€1.4M,€9K,9,1.4
D. Ovono,34,Gabon,66,Paris FC,€260K,€2K,2,260
S. N'Guessan,22,Ivory Coast,66,AS Nancy Lorraine,€925K,€2K,2,925
M. Ndoye-Baye,25,Senegal,66,Tours FC,€825K,€2K,2,825
F. Makhedjouf,26,Algeria,66,Tours FC,€750K,€2K,2,750
J. Dodoo,22,Ghana,66,Charlton Athletic,€1M,€13K,13,1
P. Dibba,29,Gambia,66,Hammarby IF,€650K,€2K,2,650
Amido Baldé,26,Guinea Bissau,66,CS Marítimo,€800K,€3K,3,800
P. Jagne,27,Gambia,66,FC Zürich,€525K,€4K,4,525
E. Hajri,34,Tunisia,66,MSV Duisburg,€200K,€2K,2,200
C. Diedhiou,29,Senegal,66,Royal Excel Mouscron,€500K,€4K,4,500
B. Gueye,22,Senegal,66,Sint-Truidense VV,€900K,€10K,10,900
Y. Yeboah,20,Ghana,66,Real Oviedo,€1.1M,€3K,3,1.1
A. Teikeu,27,Cameroon,66,FC Sochaux-Montbéliard,€625K,€3K,3,625
B. Innocent,21,Nigeria,66,Malmö FF,€925K,€2K,2,925
J. Castelletto,22,Cameroon,66,Stade Brestois 29,€750K,€2K,2,750
D. Cardoso,28,South Africa,66,Kaizer Chiefs,€575K,€1K,1,575
E. Tié Bi,26,Ivory Coast,66,US Quevilly-Rouen,€675K,€2K,2,675
P. Segbefia,26,Togo,66,Göztepe,€750K,€5K,5,750
R. Coly,21,Senegal,66,OGC Nice,€900K,€6K,6,900
O. N'Diaye,25,Senegal,66,Gençlerbirliği SK,€700K,€5K,5,700
Gildo,22,Mozambique,66,CS Marítimo,€1M,€3K,3,1
M. Starke,26,Namibia,66,FC Carl Zeiss Jena,€750K,€1K,1,750
D. Furman,29,South Africa,66,"",€0,€0.00,0.00,0
L. Ngwat Mahop,29,Cameroon,66,SCR Altach,€625K,€5K,5,625
J. Yaro,23,Ghana,66,Philadelphia Union,€850K,€2K,2,850
O. Cissé,26,Mali,66,Milton Keynes Dons,€650K,€4K,4,650
D. Kiki,23,Benin,66,Stade Brestois 29,€750K,€2K,2,750
M. Van Heerden,29,South Africa,66,Orlando Pirates,€475K,€1K,1,475
N. Mohammed,23,Ghana,66,BK Häcken,€950K,€2K,2,950
A. Tahar,27,Algeria,66,Boavista FC,€550K,€3K,3,550
T. Hamed,28,Egypt,66,"",€0,€0.00,0.00,0
S. Alami,24,Morocco,66,Paris FC,€850K,€2K,2,850
I. Salah,30,Egypt,66,"",€0,€0.00,0.00,0
R. Norodien,22,South Africa,66,Orlando Pirates,€875K,€1K,1,875
A. Osman,30,Ghana,66,Partick Thistle F.C.,€475K,€2K,2,475
F. Boli,23,Ivory Coast,66,Stabæk Fotball,€875K,€2K,2,875
R. Mulumba,24,DR Congo,66,GFC Ajaccio,€900K,€2K,2,900
W. Owusu,27,Ghana,66,Royal Antwerp FC,€675K,€5K,5,675
O. Azubuike,20,Nigeria,66,Evkur Yeni Malatyaspor,€925K,€3K,3,925
J. Amoah,22,Ghana,66,Vitória Guimarães,€1M,€3K,3,1
O. Sissoko,29,Mali,66,Le Havre AC,€500K,€2K,2,500
B. Ould-Chikh,19,Morocco,66,FC Utrecht,€900K,€2K,2,900
F. Ondoa,21,Cameroon,66,Sevilla Atlético,€925K,€1K,1,925
B. Jayiya,27,South Africa,66,Kaizer Chiefs,€675K,€1K,1,675
T. Ebuehi,21,Nigeria,66,ADO Den Haag,€750K,€3K,3,750
D. Claasen,27,South Africa,66,"",€0,€0.00,0.00,0
A. Gomis,25,Senegal,66,US Orléans Loiret Football,€875K,€2K,2,875
M. Dembélé,28,Mali,66,Le Havre AC,€675K,€3K,3,675
H. Hansson,24,Faroe Islands,66,AC Horsens,€825K,€3K,3,825
M. Jeannin,26,Algeria,66,Clermont Foot 63,€575K,€2K,2,575
O. Haddadi,25,Tunisia,66,Dijon FCO,€700K,€5K,5,700
H. Koffi,20,Burkina Faso,66,LOSC Lille,€875K,€6K,6,875
T. Gabuza,29,South Africa,66,Orlando Pirates,€650K,€1K,1,650
M. El Hankouri,20,Morocco,66,Willem II,€1.2M,€4K,4,1.2
Y. Baraye,25,Senegal,66,Parma,€775K,€2K,2,775
S. Konde,24,Guinea,65,Amkar Perm,€650K,€5K,5,650
Y. Meité,21,Ivory Coast,65,FC Sochaux-Montbéliard,€975K,€8K,8,975
E. Chirambadare,25,Zimbabwe,65,Kaizer Chiefs,€675K,€1K,1,675
Diney,22,Cape Verde,65,CS Marítimo,€825K,€2K,2,825
W. Moke,29,Congo,65,Atiker Konyaspor,€425K,€5K,5,425
A. Oueslati,25,Tunisia,65,Al Fateh,€675K,€8K,8,675
José Kanté,26,Guinea,65,Wisła Płock,€650K,€3K,3,650
I. Faye,24,Senegal,65,Boavista FC,€675K,€2K,2,675
S. Sawadogo,24,Burkina Faso,65,La Berrichonne de Châteauroux,€675K,€2K,2,675
C. Andriamahitsinoro,27,Madagascar,65,Ohod Club,€575K,€6K,6,575
I. Chebake,27,Morocco,65,Evkur Yeni Malatyaspor,€500K,€4K,4,500
B. Adjei-Boateng,23,Ghana,65,Colorado Rapids,€825K,€2K,2,825
P. Cissé,21,Senegal,65,Olympiakos CFP,€650K,€1K,1,650
K. Ntlhe,23,South Africa,65,Rochdale,€600K,€2K,2,600
K. Appiah,26,Ghana,65,AFC Wimbledon,€650K,€3K,3,650
Ary Papel,23,Angola,65,Sporting CP,€750K,€4K,4,750
D. Bronn,22,Tunisia,65,KAA Gent,€650K,€5K,5,650
M. Omoh,25,Nigeria,65,Örebro SK,€650K,€2K,2,650
S. Leuko,23,Cameroon,65,CD Lugo,€650K,€2K,2,650
Zizo,21,Egypt,65,Moreirense FC,€825K,€2K,2,825
C. Ezeh,19,Nigeria,65,Portimonense SC,€775K,€2K,2,775
B. Samba,23,Congo,65,SM Caen,€500K,€4K,4,500
S. Sarr,21,Senegal,65,La Berrichonne de Châteauroux,€700K,€3K,3,700
F. Doré,28,Congo,65,Clermont Foot 63,€550K,€8K,8,550
K. Thiam,23,Senegal,65,Dinamo Moscow,€625K,€7K,7,625
N. Ampomah,21,Ghana,65,Waasland-Beveren,€800K,€3K,3,800
A. Doukha,30,Algeria,65,Ohod Club,€350K,€5K,5,350
L. Blessing,20,Ghana,65,Sporting Kansas City,€750K,€2K,2,750
S. Lagrou,25,Morocco,65,Al Nassr,€550K,€9K,9,550
V. Osimhen,18,Nigeria,65,VfL Wolfsburg,€1.1M,€10K,10,1.1
A. Kamara,23,Sierra Leone,65,Al Taawoun,€750K,€6K,6,750
K. Nwakali,19,Nigeria,65,VVV-Venlo,€1M,€13K,13,1
Y. Attal,21,Algeria,65,KV Kortrijk,€725K,€3K,3,725
I. Diallo,20,Mali,65,KAS Eupen,€775K,€3K,3,775
M. Dumbuya,29,Sierra Leone,65,Partick Thistle F.C.,€400K,€2K,2,400
J. Adebanjo,23,Nigeria,65,Vitória Setúbal,€625K,€2K,2,625
B. Sankoh,25,Guinea,65,SM Caen,€575K,€6K,6,575
M. Ali Yakoubi,26,Tunisia,65,Al Fateh,€550K,€8K,8,550
H. Sakhi,21,Morocco,65,AJ Auxerre,€775K,€4K,4,775
C. Ben Saada,33,Tunisia,65,ES Troyes AC,€325K,€7K,7,325
B. Jatta,19,Gambia,65,Hamburger SV,€1M,€6K,6,1
I. Ouédraogo,28,Burkina Faso,65,Wolfsberger AC,€550K,€5K,5,550
D. Atanga,20,Ghana,65,FC Red Bull Salzburg,€850K,€7K,7,850
R. Boukari,30,Togo,65,La Berrichonne de Châteauroux,€500K,€2K,2,500
A. El-Abd,32,Egypt,65,Wycombe Wanderers,€300K,€5K,5,300
N. Nyauza,27,South Africa,65,Orlando Pirates,€500K,€1K,1,500
Anuar,22,Morocco,65,Real Valladolid,€750K,€2K,2,750
Z. Diabaté,28,Ivory Coast,65,Chamois Niortais FC,€425K,€2K,2,425
L. Mutambala,24,DR Congo,65,Royal Excel Mouscron,€600K,€3K,3,600
M. N'Diaye,27,Mali,65,Royal Antwerp FC,€500K,€4K,4,500
J. Vunguidica,27,Angola,65,SV Sandhausen,€625K,€3K,3,625
A. Omrani,26,Algeria,65,Oldham Athletic,€650K,€2K,2,650
G. Shitolo,27,South Africa,65,Orlando Pirates,€450K,€1K,1,450
S. Mpontshane,31,South Africa,65,Orlando Pirates,€325K,€1K,1,325
H. Ekstein,26,South Africa,65,Kaizer Chiefs,€650K,€1K,1,650
M. Abarhoun,28,Morocco,65,Moreirense FC,€450K,€2K,2,450
A. Annan,30,Ghana,65,HJK Helsinki,€400K,€1K,1,400
J. Chabalala,25,South Africa,65,Orlando Pirates,€600K,€1K,1,600
I. Moro,23,Ghana,65,Silkeborg IF,€775K,€3K,3,775
N. Jaadi,21,Morocco,65,Udinese,€800K,€7K,7,800
K. Moleko,27,South Africa,65,Kaizer Chiefs,€450K,€1K,1,450
M. El Allouchi,22,Morocco,65,NAC Breda,€725K,€3K,3,725
A. Razak,24,Ivory Coast,65,AFC Eskilstuna,€750K,€2K,2,750
M. Tounkara,21,Senegal,65,Lazio,€975K,€10K,10,975
T. Kutumela,23,South Africa,65,Orlando Pirates,€725K,€1K,1,725
C. Bassogog,21,Cameroon,65,"",€0,€0.00,0.00,0
I. Doumbia,19,Ivory Coast,65,SV Zulte-Waregem,€825K,€3K,3,825
K. Cissé,28,Guinea,65,Bari,€550K,€2K,2,550
J. Lopy,25,Senegal,65,Clermont Foot 63,€675K,€2K,2,675
S. Asamoah,23,Ghana,65,Sint-Truidense VV,€700K,€3K,3,700
M. Ogbu,26,Nigeria,65,IK Sirius,€675K,€1K,1,675
J. Bolingi,23,DR Congo,65,Royal Excel Mouscron,€750K,€5K,5,750
C. Luyindama,23,DR Congo,65,Standard de Liège,€625K,€4K,4,625
C. Evina,25,Cameroon,65,Crawley Town,€575K,€3K,3,575
M. Mohsen,28,Egypt,65,"",€0,€0.00,0.00,0
E. Hackman,22,Ghana,64,Portimonense SC,€525K,€2K,2,525
H. Khaloua,22,Morocco,64,UD Almería,€625K,€3K,3,625
K. Soni,19,Cameroon,64,Girona CF,€975K,€4K,4,975
B. Morrison,24,Ghana,64,Orlando Pirates,€600K,€1K,1,600
L. Memela,29,South Africa,64,Orlando Pirates,€450K,€1K,1,450
Y. Belaïli,25,Algeria,64,Angers SCO,€575K,€7K,7,575
S. Ameobi,35,Nigeria,64,Notts County,€210K,€5K,5,210
Luís Leal,30,São Tomé & Príncipe,64,Newell's Old Boys,€425K,€5K,5,425
E. Mabouka,29,Cameroon,64,"",€0,€0.00,0.00,0
R. Kouamé,20,Mali,64,LOSC Lille,€675K,€8K,8,675
A. Gero,23,Nigeria,64,Östersunds FK,€625K,€2K,2,625
R. Mmaee,20,Morocco,64,Waasland-Beveren,€750K,€4K,4,750
D. Koukou,26,Benin,64,RC Lens,€450K,€3K,3,450
B. Tekpetey,19,Ghana,64,SCR Altach,€975K,€6K,6,975
H. Akpan,25,Nigeria,64,Burton Albion,€550K,€4K,4,550
K. Kouao,19,Ivory Coast,64,Moreirense FC,€650K,€1K,1,650
R. Boujedra,23,Tunisia,64,US Quevilly-Rouen,€600K,€2K,2,600
Y. M'Boné,24,Cameroon,64,La Berrichonne de Châteauroux,€500K,€2K,2,500
C. Mimbala,30,DR Congo,64,SC Fortuna Köln,€325K,€1K,1,325
T. Awoniyi,19,Nigeria,64,Royal Excel Mouscron,€800K,€15K,15,800
O. Jallow,28,Gambia,64,HJK Helsinki,€475K,€1K,1,475
P. Zulu,24,South Africa,64,Kaizer Chiefs,€575K,€1K,1,575
S. Ajayi,23,Nigeria,64,Rotherham United,€675K,€3K,3,675
R. Kenniche,24,Algeria,64,Al Qadisiyah,€500K,€4K,4,500
A. Nsiala,25,DR Congo,64,Shrewsbury,€500K,€2K,2,500
A. Guira,29,Burkina Faso,64,Aarhus GF,€425K,€4K,4,425
G. Donyoh,22,Ghana,64,FC Nordsjælland,€675K,€4K,4,675
G. Panom,22,Ethiopia,64,FC Anzhi Makhachkala,€575K,€5K,5,575
M. Wagué,18,Senegal,64,KAS Eupen,€825K,€2K,2,825
F. Moufi,21,Morocco,64,Tondela,€575K,€1K,1,575
V. Solomon-Otabor,21,Nigeria,64,Blackpool,€775K,€6K,6,775
N. Abdou,32,Comoros,64,AFC Wimbledon,€350K,€10K,10,350
P. Etshimi,28,DR Congo,64,Paris FC,€475K,€3K,3,475
C. Nwakali,20,Nigeria,64,Sogndal,€850K,€1K,1,850
S. D'Almeida,21,Benin,64,Blackpool,€600K,€2K,2,600
A. Kakuba,26,Uganda,64,CD Feirense,€450K,€3K,3,450
I. Jome,22,Gambia,64,Minnesota Thunder,€525K,€2K,2,525
D. Oduro,31,Ghana,64,Montreal Impact,€400K,€3K,3,400
O. Aina,20,Nigeria,64,Hull City,€900K,€3K,3,900
C. Diop,23,Senegal,64,LA Galaxy,€450K,€2K,2,450
N. Tolo,20,Cameroon,64,Seattle Sounders FC,€700K,€2K,2,700
D. Samassekou,21,Mali,64,FC Red Bull Salzburg,€775K,€6K,6,775
K. Issah,24,Ghana,64,Gençlerbirliği SK,€500K,€4K,4,500
A. Sabiri,20,Morocco,64,Huddersfield Town,€875K,€10K,10,875
A. Diop,25,Senegal,64,Kristiansund BK,€600K,€2K,2,600
I. Abdullahi,20,Nigeria,64,FK Austria Wien,€700K,€6K,6,700
A. Danladi,21,Ghana,64,Minnesota Thunder,€650K,€2K,2,650
M. Ben Othman,27,Tunisia,64,US Orléans Loiret Football,€475K,€2K,2,475
Y. Koné,21,Mali,64,Stade de Reims,€600K,€8K,8,600
A. Bakayoko,21,Sierra Leone,64,Walsall,€825K,€3K,3,825
O. Bonnes,27,Niger,64,GwangJu FC,€475K,€2K,2,475
U. Hassan Sale,21,Nigeria,64,Viking FK,€800K,€1K,1,800
I. Mbombo,21,DR Congo,64,Al Shabab,€675K,€8K,8,675
K. Ojo,28,Nigeria,64,Lyngby BK,€475K,€4K,4,475
I. Donkor,21,Ghana,64,Cesena,€575K,€1K,1,575
S. Abalo,22,Ghana,64,Rio Ave FC,€550K,€2K,2,550
M. Fofana,32,Mali,64,RC Lens,€260K,€3K,3,260
M. Lorenzen,22,Uganda,64,ADO Den Haag,€625K,€4K,4,625
F. Zoko,33,Ivory Coast,64,Yeovil Town,€280K,€4K,4,280
G. Rólantsson Sørensen,24,Faroe Islands,64,SK Brann,€575K,€2K,2,575
M. Osei Kwadwo,22,Ghana,64,1. FC Kaiserslautern,€675K,€4K,4,675
C. Amissi,27,Burundi,64,Al Taawoun,€475K,€7K,7,475
S. Mensiro,28,Ghana,63,Östersunds FK,€300K,€1K,1,300
P. Buaben,29,Ghana,63,Heart of Midlothian,€350K,€2K,2,350
M. Tchokounté,28,Cameroon,63,Paris FC,€375K,€2K,2,375
T. Lorch,23,South Africa,63,Orlando Pirates,€500K,€1K,1,500
O. Mannéh,20,Gambia,63,Werder Bremen II,€725K,€1K,1,725
H. Mendyl,19,Morocco,63,LOSC Lille,€550K,€3K,3,550
S. Yohou,25,Ivory Coast,63,Paris FC,€400K,€1K,1,400
H. Al Ghaddioui,26,Morocco,63,Sportfreunde Lotte,€450K,€1K,1,450
I. Rako,20,Swaziland,63,SC Heerenveen,€575K,€2K,2,575
D. Chima Chukwu,26,Nigeria,63,Legia Warszawa,€450K,€2K,2,450
A. Coly,24,Senegal,63,Kristiansund BK,€400K,€1K,1,400
A. Ba,23,Mauritania,63,AJ Auxerre,€425K,€1K,1,425
M. Tandjigora,27,Gabon,63,CF Os Belenenses,€300K,€2K,2,300
E. Sowah,19,Ghana,63,RSC Anderlecht,€600K,€2K,2,600
A. Linganzi,27,DR Congo,63,Swindon Town,€350K,€3K,3,350
L. Jallow,22,Gambia,63,Cesena,€500K,€3K,3,500
I. Tandia,23,Mali,63,Tours FC,€500K,€1K,1,500
Z. Bakayogo,30,Ivory Coast,63,Crewe Alexandra,€270K,€4K,4,270
T. Amang,19,Cameroon,63,Molde FK,€800K,€1K,1,800
O. George,22,Nigeria,63,KAS Eupen,€475K,€2K,2,475
W. Tchuameni,20,Cameroon,63,SønderjyskE,€825K,€3K,3,825
O. Akichi,27,Ivory Coast,63,Paris FC,€300K,€1K,1,300
R. Nyambe,19,Namibia,63,Blackburn Rovers,€700K,€1K,1,700
F. Ben Mustapha,28,Tunisia,63,Al Shabab,€260K,€5K,5,260
S. Bidaoui,27,Morocco,63,Avellino,€375K,€1K,1,375
I. Anthony,19,Nigeria,63,FK Haugesund,€425K,€1K,1,425
J. Pius,21,Nigeria,63,Tondela,€500K,€1K,1,500
O. Verdon,21,Benin,63,Girondins de Bordeaux,€525K,€5K,5,525
L. Agbenyenu,20,Ghana,63,Portimonense SC,€575K,€2K,2,575
K. Diatta,18,Senegal,63,Sarpsborg 08 FF,€775K,€1K,1,775
Y. Kakoko,27,Congo,63,Arka Gdynia,€350K,€2K,2,350
E. Ayuk,20,Cameroon,63,Jönköpings Södra IF,€650K,€1K,1,650
P. Zebli,19,Ivory Coast,63,KRC Genk,€575K,€2K,2,575
A. Jakobsen,23,Egypt,63,IFK Norrköping,€525K,€1K,1,525
S. Sakala,20,Zambia,63,Al Fateh,€550K,€5K,5,550
G. Zakuani,31,DR Congo,63,Gillingham,€250K,€2K,2,250
H. Elhouni,23,Libya,63,Grupo Desportivo de Chaves,€525K,€2K,2,525
Francisco Júnior,25,Guinea Bissau,63,Strømsgodset IF,€475K,€1K,1,475
D. Savage,29,Gambia,63,HJK Helsinki,€350K,€1K,1,350
Nadjack,23,Guinea Bissau,63,Rio Ave FC,€425K,€2K,2,425
A. Gnanduillet,25,Ivory Coast,63,Blackpool,€500K,€2K,2,500
I. Niane,18,Senegal,63,FC Metz,€775K,€2K,2,775
D. Djigla,21,Benin,63,Chamois Niortais FC,€525K,€1K,1,525
C. Traoré,25,Mali,63,ES Troyes AC,€400K,€4K,4,400
A. Keita,19,Ivory Coast,63,Halmstads BK,€600K,€2K,2,600
Y. M'Changama,26,Comoros,63,GFC Ajaccio,€425K,€2K,2,425
K. John,18,Nigeria,63,Rio Ave FC,€525K,€1K,1,525
L. Ndao,22,Senegal,63,Valenciennes FC,€525K,€1K,1,525
M. Coulibaly,18,Senegal,63,Pescara,€750K,€3K,3,750
P. Diouf,28,Senegal,63,Kalmar FF,€375K,€1K,1,375
D. Bamba,22,Ivory Coast,63,Kristiansund BK,€525K,€1K,1,525
D. Lamkel Ze,20,Cameroon,63,Chamois Niortais FC,€525K,€1K,1,525
J. Edmundsson,25,Faroe Islands,63,Odense Boldklub,€475K,€3K,3,475
K. Nsor,24,Ghana,63,Moreirense FC,€500K,€1K,1,500
Thierry Graça,22,Cape Verde,63,Estoril Praia,€425K,€1K,1,425
N. Ghandri,22,Tunisia,63,Royal Antwerp FC,€450K,€2K,2,450
W. Kanga,19,Ivory Coast,63,Angers SCO,€575K,€3K,3,575
M. Dube,24,South Africa,63,Orlando Pirates,€400K,€1K,1,400
V. Bindia,27,Senegal,63,Sandefjord Fotball,€300K,€1K,1,300
J. Mensah,22,Ghana,63,AC Horsens,€650K,€2K,2,650
E. Latte Lath,18,Ivory Coast,63,Pescara,€750K,€1K,1,750
L. Enoh,24,Cameroon,63,Sporting Lokeren,€475K,€3K,3,475
S. Altama,26,Chad,62,La Berrichonne de Châteauroux,€325K,€1K,1,325
P. Diouf,31,Senegal,62,Odds BK,€270K,€1K,1,270
F. Olinga,21,Cameroon,62,Royal Excel Mouscron,€500K,€2K,2,500
P. Kpozo,19,Ghana,62,Östersunds FK,€400K,€1K,1,400
P. Asmah,21,Ghana,62,Salernitana,€400K,€1K,1,400
N. Ngcobo,17,South Africa,62,Kaizer Chiefs,€600K,€1K,1,600
Valdo Alhinho,28,Angola,62,Al Batin,€300K,€3K,3,300
A. Keita,23,Mali,62,Le Havre AC,€450K,€2K,2,450
B. Niasse,20,Senegal,62,KAS Eupen,€400K,€1K,1,400
K. Mohammed,21,Ghana,62,FK Austria Wien,€400K,€3K,3,400
H. Barry,24,Guinea,62,Orlando City Soccer Club,€375K,€2K,2,375
L. Doumbouya,26,Guinea,62,SKN St. Pölten,€375K,€4K,4,375
C. Udoji,30,Nigeria,62,Lillestrøm SK,€290K,€1K,1,290
M. Biankadi,22,Congo,62,Rot-Weiß Erfurt,€425K,€1K,1,425
F. Ladapo,24,Nigeria,62,Crystal Palace,€400K,€9K,9,400
I. Ndiaye,23,Senegal,62,Randers FC,€400K,€3K,3,400
S. Ibrahim,20,Nigeria,62,FK Haugesund,€475K,€1K,1,475
B. Agounon,22,DR Congo,62,Clermont Foot 63,€350K,€1K,1,350
P. Sarr,24,Senegal,62,FC Zürich,€400K,€3K,3,400
S. Nattestad,22,Faroe Islands,62,Molde FK,€375K,€1K,1,375
F. Obilor,26,Nigeria,62,HJK Helsinki,€325K,€1K,1,325
M. Mbaye,21,Senegal,62,Carpi,€450K,€3K,3,450
A. Jallow,18,Gambia,62,FC Metz,€625K,€2K,2,625
E. Agyiri,19,Ghana,62,Vålerenga Fotball,€650K,€1K,1,650
E. Kane,22,Senegal,62,Sandefjord Fotball,€375K,€1K,1,375
S. Mvibudulu,24,DR Congo,62,SV Wehen Wiesbaden,€425K,€1K,1,425
S. Diarra,22,Mali,62,RC Lens,€400K,€2K,2,400
F. Mussa,21,Tanzania,62,CD Tenerife,€525K,€2K,2,525
A. Nura,19,Nigeria,62,Roma,€450K,€5K,5,450
J. Goda,28,Cameroon,62,Tours FC,€240K,€1K,1,240
M. Dembélé,23,Mali,62,Brescia,€350K,€1K,1,350
S. Sy,21,Senegal,62,AS Monaco,€350K,€3K,3,350
A. Bala,20,Nigeria,62,SV Zulte-Waregem,€500K,€3K,3,500
M. Bundu,20,Sierra Leone,62,Aarhus GF,€450K,€3K,3,450
M. Aidara,27,Senegal,62,Royal Excel Mouscron,€290K,€2K,2,290
I. Bennacer,19,Algeria,62,Empoli,€525K,€1K,1,525
B. Karamoko,22,Ivory Coast,62,AS Saint-Étienne,€375K,€5K,5,375
Y. Njie,23,Gambia,62,Boavista FC,€400K,€2K,2,400
Z. Randriambololona,23,Madagascar,62,Royal Antwerp FC,€400K,€2K,2,400
Y. Songo'o,25,Cameroon,62,Plymouth Argyle,€300K,€2K,2,300
E. Apeh,20,Nigeria,62,Lorca Deportiva CF,€675K,€2K,2,675
M. Boulahia,20,Algeria,62,Atlético Madrid,€600K,€7K,7,600
Y. Coulibaly,22,Burkina Faso,62,Le Havre AC,€375K,€1K,1,375
M. Al Dhaw,23,Sudan,62,Ohod Club,€400K,€4K,4,400
C. Ejuke,19,Nigeria,62,Vålerenga Fotball,€525K,€1K,1,525
S. Ohawuchi,27,Nigeria,62,Al Qadisiyah,€325K,€4K,4,325
M. Seck,21,Senegal,62,Empoli,€400K,€7K,7,400
M. Diallo,26,Senegal,62,KAS Eupen,€375K,€3K,3,375
E. Letlotlo,21,South Africa,61,Kaizer Chiefs,€350K,€1K,1,350
D. Okereke,19,Nigeria,61,La Spezia,€450K,€1K,1,450
K. Abrahams,20,South Africa,61,Sint-Truidense VV,€400K,€2K,2,400
S. Kiyine,19,Morocco,61,Salernitana,€475K,€2K,2,475
E. Eze,20,Nigeria,61,SK Sturm Graz,€450K,€4K,4,450
B. Kyere,22,Ghana,61,SC Fortuna Köln,€300K,€1K,1,300
L. Goudiaby,20,Senegal,61,FC Metz,€400K,€2K,2,400
Kenny Rocha Santos,17,Cape Verde,61,AS Saint-Étienne,€500K,€4K,4,500
E. Ntim,21,Ghana,61,Valenciennes FC,€325K,€1K,1,325
T. Kadewere,21,Zimbabwe,61,Djurgårdens IF,€375K,€1K,1,375
L. Mothiba,21,South Africa,61,Valenciennes FC,€400K,€6K,6,400
D. Traoré,25,Ivory Coast,61,Forest Green,€270K,€3K,3,270
D. Tchamba,18,Cameroon,61,RC Strasbourg,€475K,€2K,2,475
K. Zohi,20,Ivory Coast,61,RC Strasbourg,€425K,€4K,4,425
J. Kiassumbua,25,DR Congo,61,FC Lugano,€230K,€1K,1,230
K. Etuhu,29,Nigeria,61,Carlisle United,€240K,€3K,3,240
S. Amuzie,21,Nigeria,61,FC Lugano,€325K,€4K,4,325
B. Moussiti-oko,22,Congo,61,Le Havre AC,€350K,€2K,2,350
M. Mara,20,Guinea,61,FC Lorient,€375K,€2K,2,375
I. Wadji,22,Senegal,61,Molde FK,€375K,€2K,2,375
S. Erimuya,19,Nigeria,61,Cádiz C.F.,€325K,€1K,1,325
A. Benchaib,19,Morocco,61,Sporting Lokeren,€475K,€2K,2,475
A. Haidara,19,Mali,61,FC Red Bull Salzburg,€525K,€3K,3,525
C. Ezeh,19,Nigeria,61,Lillestrøm SK,€375K,€1K,1,375
P. Garita,22,Cameroon,61,Bristol City,€400K,€8K,8,400
S. Amallah,20,Morocco,61,Royal Excel Mouscron,€425K,€2K,2,425
E. Banda,19,Zambia,61,KV Oostende,€425K,€2K,2,425
S. Nimely,18,Liberia,61,Spartak Moscow,€525K,€6K,6,525
D. Konate,23,Ivory Coast,61,Vercelli,€325K,€1K,1,325
M. Koné,20,Senegal,61,FC Zürich,€375K,€3K,3,375
A. Alégué,20,Cameroon,61,FC Nantes,€350K,€4K,4,350
S. Seth,19,Nigeria,61,Evkur Yeni Malatyaspor,€425K,€1K,1,425
Q. N'Gakoutou,23,Central African Rep.,61,AS Monaco,€350K,€6K,6,350
D. Tshiembe,25,DR Congo,61,AC Horsens,€300K,€2K,2,300
I. Ganago,18,Cameroon,61,OGC Nice,€525K,€4K,4,525
I. Conté,21,Guinea,61,FC Lorient,€375K,€1K,1,375
K. Dabila,20,Ivory Coast,60,LOSC Lille,€290K,€4K,4,290
B. Nlaté,20,Cameroon,60,Olympique de Marseille,€250K,€3K,3,250
J. Mendy,22,Senegal,60,US Quevilly-Rouen,€240K,€1K,1,240
M. Sanhaji,18,Morocco,60,CD Numancia,€280K,€1K,1,280
N. Welbeck,22,Ghana,60,Odense Boldklub,€325K,€2K,2,325
P. Daka,18,Zambia,60,FC Red Bull Salzburg,€425K,€3K,3,425
F. Hollinger-Janzen,23,Benin,60,New England Revolution,€290K,€1K,1,290
K. Touré,23,Mali,60,Royal Antwerp FC,€300K,€2K,2,300
I. Maela,24,South Africa,60,Orlando Pirates,€220K,€1K,1,220
A. Sarr,26,Senegal,60,Bourg en Bresse Péronnas 01,€250K,€1K,1,250
M. Fofana,19,Mali,60,Alanyaspor,€400K,€1K,1,400
T. Hadebe,21,Zimbabwe,60,Kaizer Chiefs,€290K,€1K,1,290
E. Mour Samb,23,Senegal,60,Tromsø IL,€300K,€1K,1,300
C. Opéri,20,Ivory Coast,60,La Berrichonne de Châteauroux,€400K,€1K,1,400
M. Evouna,24,Gabon,60,Atiker Konyaspor,€280K,€3K,3,280
K. Alphonse,24,Ivory Coast,60,CD Feirense,€250K,€1K,1,250
C. Ndiaye,21,Senegal,60,Waasland-Beveren,€300K,€2K,2,300
E. Nyarko,24,Ghana,60,SV Wehen Wiesbaden,€250K,€1K,1,250
O. Sanganté,26,Senegal,60,La Berrichonne de Châteauroux,€240K,€1K,1,240
S. Moussa,29,Tunisia,60,Dundee FC,€210K,€1K,1,210
K. Benyu,19,Zimbabwe,60,Celtic,€450K,€4K,4,450
M. Haddachi,20,Morocco,60,ADO Den Haag,€280K,€1K,1,280
R. Selasi,20,Ghana,60,Pescara,€300K,€1K,1,300
F. Diabaté,21,Mali,60,GFC Ajaccio,€300K,€1K,1,300
P. Boumal,24,Cameroon,60,FC Ural,€240K,€4K,4,240
I. Ben Khemis,21,Tunisia,60,Doncaster Rovers,€325K,€1K,1,325
G. Guessan,24,Ivory Coast,60,Viking FK,€280K,€1K,1,280
A. Kacou,21,Ivory Coast,60,Tours FC,€240K,€1K,1,240
R. Moon,20,South Africa,60,Kaizer Chiefs,€375K,€1K,1,375
E. Besea,20,Ghana,60,Frosinone,€375K,€1K,1,375
D. Konaté,25,Ivory Coast,60,Tours FC,€210K,€1K,1,210
E. Mensah,19,Ghana,60,HJK Helsinki,€350K,€1K,1,350
B. Hendriksson,21,Faroe Islands,60,Randers FC,€325K,€2K,2,325
B. Gyamfi,21,Ghana,60,Benevento Calcio,€325K,€3K,3,325
Erin Pinheiro,19,Cape Verde,60,AS Saint-Étienne,€300K,€3K,3,300
M. Camara,20,Guinea,60,AC Ajaccio,€400K,€1K,1,400
D. Avounou,19,Congo,60,SM Caen,€350K,€2K,2,350
J. Collins,22,Nigeria,60,SC Paderborn 07,€240K,€1K,1,240
D. Alampasu,20,Nigeria,60,CD Feirense,€240K,€1K,1,240
A. Badji,19,Senegal,60,Djurgårdens IF,€325K,€1K,1,325
W. Meyiwa,17,South Africa,60,Kaizer Chiefs,€400K,€1K,1,400
E. Ekpolo,22,Nigeria,59,Fleetwood Town,€170K,€1K,1,170
F. Boya,21,Cameroon,59,Royal Excel Mouscron,€240K,€2K,2,240
S. Gnaka,18,Ivory Coast,59,KAS Eupen,€290K,€1K,1,290
A. Ikedi,18,Nigeria,59,FK Haugesund,€290K,€2K,2,290
H. Traore,20,Mali,59,Kardemir Karabükspor,€240K,€2K,2,240
M. Ebiye,20,Nigeria,59,Lillestrøm SK,€270K,€1K,1,270
I. Akinade,23,Nigeria,59,Bohemian FC,€210K,€1K,1,210
J. Machín,20,Equatorial Guinea,59,Brescia,€260K,€6K,6,260
S. Doumbia,20,Ivory Coast,59,Grasshopper Club Zürich,€240K,€1K,1,240
H. Guy,32,Ivory Coast,59,Al Qadisiyah,€120K,€3K,3,120
J. Ayunga,20,Kenya,59,Galway United,€280K,€6K,6,280
D. Tutonda,21,DR Congo,59,Barnet,€180K,€1K,1,180
A. Nurudeen,18,Ghana,59,KAS Eupen,€260K,€1K,1,260
A. Nkosi,24,South Africa,59,Orlando Pirates,€210K,€1K,1,210
G. Bokwé,27,Cameroon,58,"",€0,€0.00,0.00,0
S. Tetteh,20,Ghana,58,FC Red Bull Salzburg,€230K,€4K,4,230
J. Osabutey,18,Ghana,58,Werder Bremen II,€260K,€1K,1,260
G. Davies,20,Sierra Leone,58,SKN St. Pölten,€230K,€2K,2,230
B. Osayi-Samuel,19,Nigeria,58,Queens Park Rangers,€240K,€2K,2,240
V. Onovo,21,Nigeria,58,HJK Helsinki,€200K,€1K,1,200
C. Kouamé,19,Ivory Coast,58,Cittadella,€280K,€1K,1,280
I. Sangaré,23,Ivory Coast,58,AJ Auxerre,€180K,€1K,1,180
J. Debayo,20,Nigeria,58,Leicester City,€160K,€6K,6,160
Y. Andzouana,20,DR Congo,58,Girona CF,€230K,€3K,3,230
H. Bandé,18,Burkina Faso,58,KV Mechelen,€260K,€2K,2,260
B. Irie-Bi,24,Ivory Coast,58,US Quevilly-Rouen,€140K,€1K,1,140
E. Dabo,21,Senegal,58,Valenciennes FC,€160K,€1K,1,160
C. Maghoma,19,DR Congo,58,Tottenham Hotspur,€210K,€5K,5,210
H. Ndam,18,Cameroon,58,New York Red Bulls,€160K,€1K,1,160
M. Eisa,22,Sudan,58,Cheltenham Town,€190K,€2K,2,190
Y. Maart,21,South Africa,57,Orlando Pirates,€170K,€1K,1,170
M. Akoto,20,Ghana,57,SV Wehen Wiesbaden,€210K,€1K,1,210
H. Garba,23,Nigeria,57,Djurgårdens IF,€140K,€1K,1,140
M. Cheukoua,20,Cameroon,57,SCR Altach,€170K,€2K,2,170
H. Traorè,17,Ivory Coast,57,Empoli,€230K,€1K,1,230
A. Azbague,22,Morocco,57,Valenciennes FC,€170K,€1K,1,170
I. Paro,22,Burkina Faso,57,Chamois Niortais FC,€150K,€1K,1,150
S. Akinola,24,Nigeria,57,Barnet,€140K,€2K,2,140
E. Monthe,22,Cameroon,57,Forest Green,€120K,€2K,2,120
M. Djenepo,19,Mali,57,Standard de Liège,€220K,€1K,1,220
C. Omeje,27,Nigeria,57,AFC Eskilstuna,€120K,€1K,1,120
A. Diakhate,18,Senegal,56,Fiorentina,€180K,€4K,4,180
A. Kalabane,21,Guinea,56,AFC Eskilstuna,€130K,€1K,1,130
L. Zigi,20,Ghana,56,FC Sochaux-Montbéliard,€160K,€1K,1,160
Spinola,21,Cape Verde,56,Sarpsborg 08 FF,€130K,€1K,1,130
M. Beye,21,Senegal,56,Novara,€110K,€1K,1,110
M. Munetsi,21,Zimbabwe,56,Orlando Pirates,€130K,€1K,1,130
C. Egbuchulam,25,Nigeria,56,BK Häcken,€120K,€1K,1,120
J. Baraye,20,Senegal,56,Virtus Entella,€140K,€1K,1,140
O. Ba,21,Senegal,56,GFC Ajaccio,€120K,€1K,1,120
E. Ngassaki Ndongo,20,Congo,56,Stade Brestois 29,€140K,€1K,1,140
S. Aw,18,Senegal,56,KAS Eupen,€170K,€1K,1,170
I. Camara,24,Guinea Bissau,55,Avellino,€120K,€1K,1,120
F. Shomotun,20,Nigeria,55,Barnet,€160K,€2K,2,160
F. Wadja,22,Cameroon,55,FC Lorient,€120K,€1K,1,120
A. Djaló,25,Guinea Bissau,55,Crawley Town,€100K,€1K,1,100
H. Kalala,19,DR Congo,55,Hobro IK,€140K,€1K,1,140
B. Banda,19,South Africa,55,Finn Harps,€150K,€1K,1,150
L. Mfeka,23,South Africa,55,San Jose Earthquakes,€130K,€1K,1,130
I. Boye,20,Nigeria,55,Örebro SK,€160K,€1K,1,160
A. Wan-Bissaka,19,DR Congo,55,Crystal Palace,€190K,€4K,4,190
S. Koné,21,Ivory Coast,54,Djurgårdens IF,€100K,€1K,1,100
J. Lokilo,18,DR Congo,54,Crystal Palace,€140K,€3K,3,140
F. Arhin,18,Ghana,54,Östersunds FK,€140K,€1K,1,140
O. Zanzala,20,Congo,54,Derby County,€130K,€5K,5,130
C. Timite,19,Ivory Coast,54,AC Ajaccio,€150K,€1K,1,150
J. Lelan,22,Kenya,54,Crawley Town,€90K,€1K,1,90
D. Diaw,25,Senegal,54,Virtus Entella,€90K,€1K,1,90
S. Oum Gouet,19,Cameroon,54,SCR Altach,€130K,€1K,1,130
I. Messaoud,17,Algeria,54,GFC Ajaccio,€110K,€1K,1,110
A. Traorè,17,Ivory Coast,54,Perugia,€130K,€1K,1,130
C. Addai,19,Ghana,54,Coventry City,€120K,€1K,1,120
A. Kyeremeh,21,Ghana,53,Albacete Balompié,€100K,€1K,1,100
E. Banza,17,Congo,53,HJK Helsinki,€130K,€1K,1,130
S. Niang,22,Senegal,53,La Berrichonne de Châteauroux,€80K,€1K,1,80
B. Petersen,21,South Africa,53,Kaizer Chiefs,€70K,€1K,1,70
A. Talal,21,Morocco,53,US Orléans Loiret Football,€80K,€1K,1,80
R. Goteni,21,Congo,53,ES Troyes AC,€90K,€2K,2,90
J. Ngongo,23,Angola,53,Grasshopper Club Zürich,€70K,€2K,2,70
R. Kakeeto,22,Uganda,53,Aalborg BK,€90K,€2K,2,90
F. Onyeka,19,Nigeria,53,FC Midtjylland,€100K,€2K,2,100
P. Bahanack,19,Cameroon,53,Stade de Reims,€80K,€1K,1,80
M. Baidoo,18,Ghana,53,FC Midtjylland,€100K,€2K,2,100
J. Umerah,20,Nigeria,53,Wycombe Wanderers,€130K,€2K,2,130
P. Camará,20,Guinea Bissau,51,Crawley Town,€80K,€1K,1,80
T. Jacobsen,19,Faroe Islands,50,SønderjyskE,€60K,€1K,1,60
V. Nambishi,19,Zambia,50,Silkeborg IF,€60K,€1K,1,60
C. Tanor,19,Ghana,50,FC Nordsjælland,€60K,€1K,1,60
V. Ekani,20,Cameroon,50,SønderjyskE,€60K,€1K,1,60
L. Sackey,18,Ghana,46,Scunthorpe United,€50K,€1K,1,50
