S. Kagawa,28,Japan,83,Borussia Dortmund,€26M,€75K,75,26
O. Toprak,27,Turkey,83,Borussia Dortmund,€24.5M,€66K,66,24.5
H. Son,24,Korea Republic,82,Tottenham Hotspur,€28M,€95K,95,28
A. Turan,30,Turkey,82,FC Barcelona,€20.5M,€170K,170,20.5
O. Özyakup,24,Turkey,80,Beşiktaş JK,€19.5M,€54K,54,19.5
V. Denisov,30,Uzbekistan,80,Lokomotiv Moscow,€10.5M,€50K,50,10.5
M. Topal,31,Turkey,80,Fenerbahçe SK,€10M,€73K,73,10
H. Çalhanoğlu,23,Turkey,79,Milan,€16.5M,€92K,92,16.5
E. Çolak,26,Turkey,79,RC Deportivo de La Coruña,€15.5M,€32K,32,15.5
Y. Mallı,25,Turkey,79,VfL Wolfsburg,€15.5M,€69K,69,15.5
V. Babacan,28,Turkey,79,İstanbul Başakşehir FK,€10M,€28K,28,10
N. Şahin,28,Turkey,79,Borussia Dortmund,€10M,€63K,63,10
E. Belözoğlu,36,Turkey,79,İstanbul Başakşehir FK,€4M,€26K,26,4
O. Al Soma,28,Syria,78,Al Ahli,€10.5M,€49K,49,10.5
T. Inui,29,Japan,78,SD Eibar,€10M,€25K,25,10
O. Al Soma,28,Syria,78,Al Ahli,€10.5M,€49K,49,10.5
K. Honda,31,Japan,78,Pachuca,€9M,€38K,38,9
B. Yılmaz,31,Turkey,78,Trabzonspor,€9.5M,€38K,38,9.5
C. Tosun,26,Turkey,78,Beşiktaş JK,€12.5M,€56K,56,12.5
A. Potuk,26,Turkey,77,Fenerbahçe SK,€11M,€66K,66,11
T. Arslan,26,Turkey,77,Beşiktaş JK,€9.5M,€52K,52,9.5
S. Okazaki,31,Japan,77,Leicester City,€8M,€74K,74,8
O. Kıvrak,29,Turkey,77,Trabzonspor,€6M,€28K,28,6
Y. Ōsako,27,Japan,77,1. FC Köln,€10.5M,€41K,41,10.5
M. Hasebe,33,Japan,77,Eintracht Frankfurt,€3.6M,€29K,29,3.6
M. Ekici,27,Turkey,77,Fenerbahçe SK,€9.5M,€66K,66,9.5
S. Azmoun,22,Iran,77,Rubin Kazan,€13.5M,€46K,46,13.5
V. Demirel,35,Turkey,76,Fenerbahçe SK,€1.8M,€32K,32,1.8
N. Al Abed,27,Saudi Arabia,76,Al Hilal,€8M,€43K,43,8
Zheng Zhi,36,China PR,76,"",€0,€0.00,0.00,0
C. Erkin,28,Turkey,76,Beşiktaş JK,€6M,€49K,49,6
Y. Mutō,24,Japan,76,1. FSV Mainz 05,€10.5M,€30K,30,10.5
M. Dabbur,25,Israel,76,FC Red Bull Salzburg,€10M,€38K,38,10
Koo Ja Cheol,28,Korea Republic,76,FC Augsburg,€8M,€30K,30,8
A. Sulu,31,Turkey,76,SV Darmstadt 98,€5M,€27K,27,5
O. Tufan,22,Turkey,76,Fenerbahçe SK,€8.5M,€52K,52,8.5
S. İnan,32,Turkey,76,Galatasaray SK,€6M,€59K,59,6
H. Kiyotake,27,Japan,76,Cerezo Osaka,€9M,€9K,9,9
B. Natcho,29,Israel,76,CSKA Moscow,€6M,€46K,46,6
L. Refaelov,31,Israel,75,Club Brugge KV,€6M,€24K,24,6
O. Hawsawi,33,Saudi Arabia,75,Al Hilal,€2.7M,€33K,33,2.7
O. Şahiner,25,Turkey,75,Atiker Konyaspor,€8.5M,€18K,18,8.5
G. Haraguchi,26,Japan,75,Hertha BSC Berlin,€8M,€27K,27,8
A. Jahanbakhsh,23,Iran,75,AZ Alkmaar,€8.5M,€11K,11,8.5
H. Altıntop,34,Turkey,75,SV Darmstadt 98,€2M,€22K,22,2
H. Sakai,27,Japan,75,Olympique de Marseille,€5.5M,€25K,25,5.5
O. Yokuşlu,23,Turkey,75,Trabzonspor,€7.5M,€23K,23,7.5
Y. Kubo,23,Japan,75,KAA Gent,€9M,€20K,20,9
M. Yoshida,28,Japan,75,Southampton,€5.5M,€63K,63,5.5
H. Kaldırım,27,Turkey,75,Fenerbahçe SK,€5.5M,€51K,51,5.5
V. Şen,29,Turkey,75,Trabzonspor,€6.5M,€31K,31,6.5
G. Shibasaki,25,Japan,75,Getafe CF,€7.5M,€20K,20,7.5
S. Özbayraklı,27,Turkey,75,Fenerbahçe SK,€6M,€51K,51,6
S. Gürler,25,Turkey,75,Osmanlıspor,€8M,€18K,18,8
D. Türüç,24,Turkey,75,Kayserispor,€9M,€13K,13,9
A. Cohen,28,Israel,75,FC Ingolstadt 04,€5.5M,€22K,22,5.5
O. Kharbin,23,Syria,75,Al Hilal,€9.5M,€35K,35,9.5
H. Tekin,28,Turkey,75,Bursaspor,€5.5M,€15K,15,5.5
O. Othman,31,Saudi Arabia,74,Al Nassr,€3.8M,€33K,33,3.8
Zeng Cheng,30,China PR,74,"",€0,€0.00,0.00,0
Y. Öztekin,30,Turkey,74,Galatasaray SK,€5.5M,€50K,50,5.5
E. Akbaba,24,Turkey,74,Alanyaspor,€7.5M,€13K,13,7.5
M. Hawsawi,25,Saudi Arabia,74,Al Ahli,€6.5M,€32K,32,6.5
S. Al Faraj,27,Saudi Arabia,74,Al Hilal,€6M,€36K,36,6
S. Kırıntılı,32,Turkey,74,Atiker Konyaspor,€3.2M,€14K,14,3.2
T. Ciğerci,25,Turkey,74,Galatasaray SK,€6M,€43K,43,6
O. Şahan,30,Turkey,74,Trabzonspor,€5.5M,€30K,30,5.5
Yoon Bo Sang,23,Korea Republic,74,GwangJu FC,€5.5M,€3K,3,5.5
Hong Chul,26,Korea Republic,74,Sangju Sangmu FC,€5.5M,€9K,9,5.5
Kim Jin Su,25,Korea Republic,74,Jeonbuk Hyundai Motors,€6M,€11K,11,6
A. Çalık,23,Turkey,74,Galatasaray SK,€6.5M,€39K,39,6.5
E. Albayrak,26,Turkey,74,Atiker Konyaspor,€5.5M,€17K,17,5.5
Suk Hyun Jun,26,Korea Republic,74,ES Troyes AC,€7M,€15K,15,7
T. Torun,27,Turkey,74,İstanbul Başakşehir FK,€6M,€25K,25,6
F. Al Muwallad,22,Saudi Arabia,74,Al Ittihad,€8.5M,€32K,32,8.5
M. Erdinç,30,Turkey,74,İstanbul Başakşehir FK,€5.5M,€27K,27,5.5
Gao Lin,31,China PR,74,"",€0,€0.00,0.00,0
G. Sakai,26,Japan,74,Hamburger SV,€5.5M,€29K,29,5.5
C. Ünder,19,Turkey,74,Roma,€8.5M,€29K,29,8.5
I. Kahveci,21,Turkey,74,İstanbul Başakşehir FK,€8M,€19K,19,8
T. Usami,25,Japan,74,Fortuna Düsseldorf,€7M,€23K,23,7
Kim Shin Wook,29,Korea Republic,74,Jeonbuk Hyundai Motors,€5.5M,€14K,14,5.5
U. Demirok,28,Turkey,74,Trabzonspor,€4.6M,€28K,28,4.6
Y. Al Shahrani,25,Saudi Arabia,74,Al Hilal,€5.5M,€32K,32,5.5
M. Çağıran,24,Turkey,74,Osmanlıspor,€6.5M,€15K,15,6.5
G. Karadeniz,37,Turkey,74,Rubin Kazan,€1.9M,€30K,30,1.9
T. Al Jassam,32,Saudi Arabia,74,Al Ahli,€3.2M,€33K,33,3.2
C. Söyüncü,21,Turkey,74,SC Freiburg,€8M,€17K,17,8
M. Demir,25,Turkey,74,Medicana Sivasspor,€7M,€16K,16,7
S. Aziz,26,Turkey,74,Galatasaray SK,€6M,€45K,45,6
H. Balta,34,Turkey,74,Galatasaray SK,€1.7M,€45K,45,1.7
Y. Yazıcı,20,Turkey,74,Trabzonspor,€8.5M,€23K,23,8.5
A. Çamdalı,33,Turkey,74,Atiker Konyaspor,€2.3M,€17K,17,2.3
Yeom Ki Hun,34,Korea Republic,74,Suwon Samsung Bluewings,€3M,€11K,11,3
E. Ünal,20,Turkey,74,Villarreal CF,€9M,€25K,25,9
Feng Xiaoting,31,China PR,74,"",€0,€0.00,0.00,0
Lee Jae Sung,24,Korea Republic,74,Jeonbuk Hyundai Motors,€7.5M,€11K,11,7.5
S. Uçan,23,Turkey,74,FC Sion,€8M,€48K,48,8
J. Meram,28,Iraq,74,Columbus Crew SC,€5.5M,€10K,10,5.5
E. Gülüm,30,Turkey,74,Adelaide United,€4.2M,€7K,7,4.2
M. Mohammadi,23,Iran,73,Terek Grozny,€4.7M,€25K,25,4.7
Wu Lei,25,China PR,73,"",€0,€0.00,0.00,0
M. Morishige,30,Japan,73,F.C. Tokyo,€3M,€11K,11,3
B. Kayal,29,Israel,73,Brighton & Hove Albion,€3.8M,€46K,46,3.8
Kim Bo Kyung,27,Korea Republic,73,Kashiwa Reysol,€4.1M,€14K,14,4.1
K. Ansarifard,27,Iran,73,Olympiakos CFP,€4.7M,€1K,1,4.7
K. Nakamura,36,Japan,73,Kawasaki Frontale,€1.3M,€7K,7,1.3
M. Al Sahlawi,30,Saudi Arabia,73,Al Nassr,€3.9M,€39K,39,3.9
S. Gümüş,23,Turkey,73,Galatasaray SK,€5.5M,€43K,43,5.5
S. Muwashar,28,Saudi Arabia,73,Al Ahli,€4M,€38K,38,4
Koo Ja Ryong,25,Korea Republic,73,Suwon Samsung Bluewings,€4.3M,€9K,9,4.3
A. Uchida,29,Japan,73,1. FC Union Berlin,€3M,€30K,30,3
Y. Nagatomo,30,Japan,73,Inter,€2.9M,€47K,47,2.9
M. Kanazaki,28,Japan,73,Kashima Antlers,€4.1M,€15K,15,4.1
Lee Jae Sung,28,Korea Republic,73,Jeonbuk Hyundai Motors,€3.2M,€12K,12,3.2
Park Joo Ho,30,Korea Republic,73,Borussia Dortmund,€2.9M,€42K,42,2.9
B. Başaçıkoğlu,22,Turkey,73,Feyenoord,€5.5M,€15K,15,5.5
S. Kaya,26,Turkey,73,Sparta Praha,€4.2M,€1K,1,4.2
M. Tekdemir,29,Turkey,73,İstanbul Başakşehir FK,€3.1M,€24K,24,3.1
N. Uysal,26,Turkey,73,Beşiktaş JK,€4M,€40K,40,4
Y. Erdoğan,24,Turkey,73,Bursaspor,€5M,€16K,16,5
G. Shoji,24,Japan,73,Kashima Antlers,€4.7M,€11K,11,4.7
Kim Seung Gyu,26,Korea Republic,73,Vissel Kobe,€3.3M,€6K,6,3.3
D. Kadah,31,Turkey,73,Antalyaspor,€3.5M,€19K,19,3.5
E. Korkmaz,34,Turkey,73,İstanbul Başakşehir FK,€1.2M,€23K,23,1.2
Y. Kobayashi,29,Japan,73,Kawasaki Frontale,€4M,€11K,11,4
Y. Ayhan,35,Turkey,73,Evkur Yeni Malatyaspor,€950K,€10K,10,950
J. Ito,24,Japan,73,Kashiwa Reysol,€5M,€12K,12,5
T. Zengin,33,Turkey,73,Beşiktaş JK,€2M,€32K,32,2
A. Al-Habsi,35,Oman,73,Al Hilal,€950K,€17K,17,950
Kim Seung Joon,22,Korea Republic,73,Ulsan Hyundai Horang-i,€5.5M,€8K,8,5.5
K. Frei,23,Turkey,73,İstanbul Başakşehir FK,€5.5M,€22K,22,5.5
A. Adnan,23,Iraq,73,Udinese,€4.6M,€20K,20,4.6
I. Köybaşı,27,Turkey,73,Fenerbahçe SK,€3.3M,€51K,51,3.3
M. Al Owais,25,Saudi Arabia,73,Al Ahli,€3.9M,€25K,25,3.9
M. Pektemek,28,Turkey,72,Beşiktaş JK,€3.2M,€35K,35,3.2
E. Kawashima,34,Japan,72,FC Metz,€1.3M,€8K,8,1.3
O. Çınar,21,Turkey,72,Beşiktaş JK,€4.4M,€24K,24,4.4
M. Jahfali,26,Saudi Arabia,72,Al Hilal,€3.2M,€24K,24,3.2
A. Aseri,23,Saudi Arabia,72,Al Ahli,€4.6M,€23K,23,4.6
M. Saito,27,Japan,72,Yokohama F. Marinos,€3.3M,€8K,8,3.3
K. Karaman,23,Turkey,72,Hannover 96,€4.1M,€23K,23,4.1
A. Oğuz,24,Turkey,72,Gençlerbirliği SK,€3.4M,€10K,10,3.4
R. Ghoochannejhad,29,Iran,72,SC Heerenveen,€3.1M,€9K,9,3.1
E. Şahin,22,Turkey,72,FC St. Pauli,€4.2M,€12K,12,4.2
I. Ghaleb,26,Saudi Arabia,72,Al Nassr,€3M,€24K,24,3
Lee Chang Min,23,Korea Republic,72,Jeju United FC,€4.3M,€5K,5,4.3
G. Vural,29,Turkey,72,Kayserispor,€3M,€12K,12,3
S. Şahin,36,Turkey,72,Göztepe,€425K,€9K,9,425
Y. Kobayashi,25,Japan,72,SC Heerenveen,€3.9M,€8K,8,3.9
S. Koroki,30,Japan,72,Urawa Red Diamonds,€3M,€11K,11,3
J. Al Hussien,34,Syria,72,Al Taawoun,€1.6M,€16K,16,1.6
T. Minamino,22,Japan,72,FC Red Bull Salzburg,€4.4M,€21K,21,4.4
Yun Young Sun,28,Korea Republic,72,Sangju Sangmu FC,€2.5M,€4K,4,2.5
Hao Junmin,30,China PR,72,"",€0,€0.00,0.00,0
N. Çürüksu,32,Turkey,72,Osmanlıspor,€1.8M,€12K,12,1.8
O. Hurmacı,30,Turkey,72,Osmanlıspor,€2.9M,€13K,13,2.9
Zhang Xizhe,26,China PR,72,"",€0,€0.00,0.00,0
Chong Te Se,33,Korea DPR,72,Shimizu S-Pulse,€2M,€4K,4,2
A. Nukan,23,Turkey,72,Beşiktaş JK,€3.7M,€28K,28,3.7
Y. Endo,37,Japan,72,Gamba Osaka,€425K,€6K,6,425
S. Al Dawsari,25,Saudi Arabia,72,Al Hilal,€3.4M,€25K,25,3.4
T. Sekine,22,Japan,72,FC Ingolstadt 04,€4.4M,€14K,14,4.4
C. Gülselam,29,Turkey,72,Kardemir Karabükspor,€2.4M,€11K,11,2.4
O. Şişmanoğlu,27,Turkey,72,Göztepe,€3.3M,€14K,14,3.3
Kim Jong Woo,23,Korea Republic,72,Suwon Samsung Bluewings,€4M,€6K,6,4
An Hyeon Beom,22,Korea Republic,72,Jeju United FC,€4.6M,€5K,5,4.6
Shin Hwa Yong,34,Korea Republic,72,Suwon Samsung Bluewings,€1.3M,€5K,5,1.3
Kwoun Sun Tae,32,Korea Republic,72,Kashima Antlers,€1.8M,€7K,7,1.8
Lee Chung Yong,28,Korea Republic,72,Crystal Palace,€3.1M,€36K,36,3.1
Sin Jin Ho,28,Korea Republic,72,Sangju Sangmu FC,€3.1M,€7K,7,3.1
T. Hemed,30,Israel,72,Brighton & Hove Albion,€3M,€34K,34,3
M. Higashiguchi,31,Japan,72,Gamba Osaka,€1.9M,€7K,7,1.9
M. Güven,29,Turkey,72,Osmanlıspor,€2.4M,€13K,13,2.4
Lee Ho Seung,27,Korea Republic,72,Jeonnam Dragons,€2.1M,€4K,4,2.1
Han Chan Hee,20,Korea Republic,71,Jeonnam Dragons,€4.2M,€5K,5,4.2
S. Ghoddos,23,Iran,71,Östersunds FK,€3.2M,€4K,4,3.2
Kim Min Jae,20,Korea Republic,71,Jeonbuk Hyundai Motors,€3.4M,€6K,6,3.4
E. Bekdemir,25,Turkey,71,Osmanlıspor,€2.8M,€13K,13,2.8
A. Özek,29,Turkey,71,Gençlerbirliği SK,€2.3M,€14K,14,2.3
Y. Kashiwagi,29,Japan,71,Urawa Red Diamonds,€2.3M,€10K,10,2.3
V. Afonin,29,Uzbekistan,71,FC Anzhi Makhachkala,€1.8M,€15K,15,1.8
A. Asiri,25,Saudi Arabia,71,Al Ittihad,€2.4M,€23K,23,2.4
A. Büyük,29,Turkey,71,Evkur Yeni Malatyaspor,€2.4M,€13K,13,2.4
C. Salom,30,Palestine,71,Puebla,€2.3M,€8K,8,2.3
E. Başsan,25,Turkey,71,Galatasaray SK,€3M,€34K,34,3
Ji Dong Won,26,Korea Republic,71,FC Augsburg,€3M,€19K,19,3
A. Al Khaibari,31,Saudi Arabia,71,Al Hilal,€1.6M,€24K,24,1.6
A. Haghighi,29,Iran,71,AFC Eskilstuna,€1.6M,€3K,3,1.6
C. Gönen,29,Turkey,71,Málaga CF,€1.8M,€13K,13,1.8
Kim Min Woo,27,Korea Republic,71,Suwon Samsung Bluewings,€2.5M,€7K,7,2.5
Lee Dong Gook,38,Korea Republic,71,Jeonbuk Hyundai Motors,€850K,€7K,7,850
S. Nakamura,39,Japan,71,Júbilo Iwata,€650K,€4K,4,650
Y. Al Mosailem,33,Saudi Arabia,71,Al Ahli,€1.2M,€19K,19,1.2
S. Kurtuluş,29,Turkey,71,Bursaspor,€1.8M,€13K,13,1.8
H. Yamada,28,Japan,71,Júbilo Iwata,€2.4M,€6K,6,2.4
H. Al Moqahwi,29,Saudi Arabia,71,Al Ahli,€2.3M,€27K,27,2.3
M. Günok,28,Turkey,71,İstanbul Başakşehir FK,€1.9M,€14K,14,1.9
T. Asano,22,Japan,71,VfB Stuttgart,€3.5M,€50K,50,3.5
K. Günter,22,Turkey,71,Galatasaray SK,€2.8M,€28K,28,2.8
Y. Okubo,35,Japan,71,F.C. Tokyo,€1.1M,€7K,7,1.1
Jung Jo Gook,33,Korea Republic,71,Gangwon FC,€1.5M,€6K,6,1.5
K. Ayhan,22,Turkey,71,Fortuna Düsseldorf,€3M,€15K,15,3
B. Kısa,34,Turkey,71,Bursaspor,€1.2M,€13K,13,1.2
Kwon Soon Hyung,31,Korea Republic,71,Jeju United FC,€2M,€5K,5,2
Z. Yıldırım,26,Turkey,71,Antalyaspor,€2.5M,€12K,12,2.5
M. Yüce,32,Turkey,71,Bursaspor,€1.4M,€12K,12,1.4
Ju Se Jong,26,Korea Republic,71,FC Seoul,€2.8M,€7K,7,2.8
Jeong Seung Hyun,23,Korea Republic,71,Sagan Tosu,€2.8M,€4K,4,2.8
Kim Jin Hyeon,29,Korea Republic,71,Cerezo Osaka,€1.6M,€4K,4,1.6
Cho Hyun Woo,25,Korea Republic,71,Daegu FC,€2.1M,€4K,4,2.1
Wang Dalei,28,China PR,71,"",€0,€0.00,0.00,0
H. Arıkan,34,Turkey,71,Osmanlıspor,€950K,€10K,10,950
Yun Il Lok,25,Korea Republic,71,FC Seoul,€2.8M,€7K,7,2.8
Choi Chul Soon,30,Korea Republic,71,Jeonbuk Hyundai Motors,€1.7M,€8K,8,1.7
Zhang Linpeng,28,China PR,71,"",€0,€0.00,0.00,0
F. Al Berahim,30,Kuwait,71,Al Ittihad,€1.8M,€24K,24,1.8
K. Sugimoto,24,Japan,71,Cerezo Osaka,€3.1M,€5K,5,3.1
Lee Jong Ho,25,Korea Republic,71,Ulsan Hyundai Horang-i,€3M,€7K,7,3
A. Ateef,24,Saudi Arabia,71,Al Hilal,€2.8M,€20K,20,2.8
S. Yıldırım,27,Turkey,71,Bursaspor,€2.5M,€13K,13,2.5
O. Adın,31,Turkey,70,Akhisar Belediyespor,€1.6M,€13K,13,1.6
H. Watanabe,29,Japan,70,Vissel Kobe,€1.4M,€6K,6,1.4
Jung Sung Ryong,32,Korea Republic,70,Kawasaki Frontale,€1M,€5K,5,1
Yang Dong Hyen,31,Korea Republic,70,Pohang Steelers,€1.6M,€9K,9,1.6
S. Aydoğdu,26,Turkey,70,Akhisar Belediyespor,€2.1M,€13K,13,2.1
H. Yamaguchi,26,Japan,70,Cerezo Osaka,€1.8M,€5K,5,1.8
A. Şahin,39,Turkey,70,Kardemir Karabükspor,€120K,€5K,5,120
T. Aoyama,31,Japan,70,Sanfrecce Hiroshima,€1.5M,€10K,10,1.5
Y. Kakitani,27,Japan,70,Cerezo Osaka,€1.9M,€5K,5,1.9
S. Sarıoğlu,32,Turkey,70,Göztepe,€975K,€12K,12,975
D. Kamada,20,Japan,70,Eintracht Frankfurt,€2.9M,€15K,15,2.9
M. Batdal,31,Turkey,70,İstanbul Başakşehir FK,€1.6M,€19K,19,1.6
S. Ay,25,Turkey,70,Atiker Konyaspor,€1.9M,€12K,12,1.9
Y. Komai,25,Japan,70,Urawa Red Diamonds,€2.1M,€9K,9,2.1
S. Nishikawa,31,Japan,70,Urawa Red Diamonds,€1.1M,€7K,7,1.1
H. Takahashi,29,Japan,70,Vissel Kobe,€1.4M,€6K,6,1.4
R. Rezaeian,27,Iran,70,KV Oostende,€1.6M,€11K,11,1.6
Y. Kashiwa,29,Japan,70,Sanfrecce Hiroshima,€1.7M,€10K,10,1.7
Lee Kwang Sun,27,Korea Republic,70,Sangju Sangmu FC,€1.5M,€5K,5,1.5
M. Al Bassas,24,Saudi Arabia,70,Al Ahli,€2.3M,€23K,23,2.3
E. Mor,19,Turkey,70,RC Celta de Vigo,€3.8M,€9K,9,3.8
Yan Junling,26,China PR,70,"",€0,€0.00,0.00,0
N. Al Shamrani,33,Saudi Arabia,70,Al Shabab,€1.1M,€25K,25,1.1
Kim Young Wook,26,Korea Republic,70,Jeonnam Dragons,€1.9M,€6K,6,1.9
D. Suzuki,27,Japan,70,Gimnàstic de Tarragona,€1.5M,€7K,7,1.5
H. Fallatah,31,Saudi Arabia,70,Al Fayha,€1.2M,€14K,14,1.2
I. Konuk,29,Turkey,70,Bursaspor,€1.4M,€13K,13,1.4
M. Fallatah,29,Saudi Arabia,70,Al Hilal,€1.8M,€29K,29,1.8
W. Bakhashwain,27,Saudi Arabia,70,Al Ahli,€1.7M,€24K,24,1.7
M. Yumlu,29,Turkey,70,Akhisar Belediyespor,€1.4M,€13K,13,1.4
E. Karaca,27,Turkey,70,Alanyaspor,€2M,€11K,11,2
M. Havenaar,30,Japan,70,Vissel Kobe,€1.7M,€6K,6,1.7
S. Nakatani,21,Japan,70,Kashiwa Reysol,€2.2M,€7K,7,2.2
Kim Won Il,30,Korea Republic,70,Jeju United FC,€1.3M,€5K,5,1.3
Y. Al Shehri,27,Saudi Arabia,70,Al Nassr,€1.9M,€26K,26,1.9
M. Yıldırım,26,Turkey,70,Kayserispor,€1.5M,€8K,8,1.5
Oh Ban Suk,29,Korea Republic,70,Jeju United FC,€1.4M,€5K,5,1.4
K. Kanatsızkuş,20,Turkey,70,Bursaspor,€3.9M,€12K,12,3.9
Y. Kurtuluş,31,Turkey,70,Antalyaspor,€1.5M,€13K,13,1.5
M. Ogasawara,38,Japan,70,Kashima Antlers,€240K,€6K,6,240
H. Sogahata,37,Japan,70,Kashima Antlers,€120K,€5K,5,120
Yoon Bit Garam,27,Korea Republic,70,Jeju United FC,€1.5M,€5K,5,1.5
A. Durak,30,Turkey,70,Kasimpaşa SK,€1.6M,€11K,11,1.6
N. Ueda,22,Japan,70,Kashima Antlers,€2.3M,€8K,8,2.3
E. Taşdemir,21,Turkey,70,Bursaspor,€2.1M,€9K,9,2.1
K. Shibasaki,32,Japan,70,Sanfrecce Hiroshima,€1.4M,€10K,10,1.4
Y. Ideguchi,20,Japan,70,Gamba Osaka,€2.5M,€7K,7,2.5
M. Al Shalhoub,36,Saudi Arabia,70,Al Hilal,€600K,€19K,19,600
A. Turan,33,Turkey,70,Atiker Konyaspor,€725K,€12K,12,725
Jeong Woon,28,Korea Republic,70,Jeju United FC,€1.8M,€6K,6,1.8
S. Doi,25,Japan,70,Kashima Antlers,€2.2M,€9K,9,2.2
S. Çinaz,31,Turkey,70,Kayserispor,€1.2M,€10K,10,1.2
S. Dursun,25,Turkey,70,Antalyaspor,€1.8M,€12K,12,1.8
M. Al Buraik,24,Saudi Arabia,70,Al Hilal,€2M,€20K,20,2
T. Iwanami,23,Japan,70,Vissel Kobe,€2.1M,€5K,5,2.1
S. Aytaç,25,Turkey,70,Antalyaspor,€1.9M,€12K,12,1.9
J. Ba Jandouh,24,Saudi Arabia,70,Al Ittihad,€1.8M,€20K,20,1.8
Li Xuepeng,28,China PR,70,"",€0,€0.00,0.00,0
Kim Do Hyeok,25,Korea Republic,70,Incheon United FC,€2.3M,€5K,5,2.3
Kwon Chang Hoon,23,Korea Republic,70,Dijon FCO,€2.4M,€12K,12,2.4
Yu Sang Hun,28,Korea Republic,70,Sangju Sangmu FC,€1.2M,€5K,5,1.2
K. Rezaei,25,Iran,70,Sporting Charleroi,€2.3M,€12K,12,2.3
T. Ben Haim,27,Israel,70,Sparta Praha,€1.9M,€1K,1,1.9
N. Bitton,25,Israel,70,Celtic,€1.8M,€30K,30,1.8
Han Kyo Won,27,Korea Republic,70,Jeonbuk Hyundai Motors,€1.9M,€9K,9,1.9
K. Çörekçi,25,Turkey,69,Trabzonspor,€1.1M,€15K,15,1.1
V. Fındıklı,26,Turkey,69,Atiker Konyaspor,€1.1M,€10K,10,1.1
Go Yo Han,29,Korea Republic,69,FC Seoul,€1M,€6K,6,1
S. Sharahili,27,Saudi Arabia,69,Al Nassr,€875K,€20K,20,875
Lee Chan Dong,24,Korea Republic,69,Jeju United FC,€1.2M,€4K,4,1.2
W. Endo,24,Japan,69,Urawa Red Diamonds,€1.1M,€6K,6,1.1
Kim Seung Dae,26,Korea Republic,69,Pohang Steelers,€1.3M,€8K,8,1.3
T. Makino,30,Japan,69,Urawa Red Diamonds,€775K,€7K,7,775
U. Uçar,30,Turkey,69,İstanbul Başakşehir FK,€750K,€13K,13,750
A. Al Jebreen,27,Saudi Arabia,69,Al Nassr,€875K,€20K,20,875
Y. Abe,35,Japan,69,Urawa Red Diamonds,€450K,€6K,6,450
Lee Seung Woo,19,Korea Republic,69,Hellas Verona,€1.6M,€10K,10,1.6
Kim Kwang Suk,34,Korea Republic,69,Pohang Steelers,€325K,€6K,6,325
A. Al Faraj,28,Saudi Arabia,69,Al Nassr,€850K,€21K,21,850
K. Nagai,28,Japan,69,F.C. Tokyo,€1.1M,€8K,8,1.1
B. Nouri,30,Iraq,69,Östersunds FK,€975K,€4K,4,975
V. Bora,22,Turkey,69,Atiker Konyaspor,€1.6M,€10K,10,1.6
T. Tawatha,25,Israel,69,Eintracht Frankfurt,€1.1M,€14K,14,1.1
K. Nakamura,22,Japan,69,Kashiwa Reysol,€1.2M,€5K,5,1.2
Y. Takahagi,30,Japan,69,F.C. Tokyo,€975K,€7K,7,975
O. Altman,23,Israel,69,Panathinaikos FC,€1.4M,€1K,1,1.4
Lee Tae Hee,22,Korea Republic,69,Incheon United FC,€1.2M,€3K,3,1.2
Yu Hanchao,30,China PR,69,"",€0,€0.00,0.00,0
S. Beitashour,30,Iran,69,Toronto FC,€750K,€5K,5,750
C. Osmanpaşa,29,Turkey,69,Akhisar Belediyespor,€825K,€11K,11,825
S. Kurata,28,Japan,69,Gamba Osaka,€950K,€8K,8,950
D. Niwa,31,Japan,69,Sanfrecce Hiroshima,€700K,€7K,7,700
B. Al Nakhli,29,Saudi Arabia,69,Al Ittihad,€825K,€21K,21,825
A. Erdem,28,Turkey,69,İstanbul Başakşehir FK,€825K,€14K,14,825
A. Al Ruwaili,30,Saudi Arabia,69,Al Fayha,€775K,€12K,12,775
S. Bolat,28,Turkey,69,Royal Antwerp FC,€750K,€7K,7,750
Kim In Seong,27,Korea Republic,69,Ulsan Hyundai Horang-i,€1.1M,€6K,6,1.1
B. Jradi,23,Lebanon,69,Strømsgodset IF,€1.4M,€3K,3,1.4
N. Hazazi,28,Saudi Arabia,69,Al Taawoun,€1.1M,€15K,15,1.1
O. Bayram,25,Turkey,69,Akhisar Belediyespor,€1.1M,€10K,10,1.1
S. Kurumaya,25,Japan,69,Kawasaki Frontale,€1.1M,€5K,5,1.1
R. Oshima,24,Japan,69,Kawasaki Frontale,€1.2M,€5K,5,1.2
Kim Sung Joon,29,Korea Republic,69,Sangju Sangmu FC,€1M,€3K,3,1
Huang Bowen,29,China PR,69,"",€0,€0.00,0.00,0
A. Al Mayoof,30,Saudi Arabia,69,Al Hilal,€675K,€16K,16,675
A. Vural,26,Turkey,69,Medicana Sivasspor,€875K,€7K,7,875
K. Watanabe,30,Japan,69,Vissel Kobe,€1M,€5K,5,1
A. Karabulut,29,Turkey,69,Antalyaspor,€1M,€12K,12,1
E. Ersoy,20,Turkey,69,Bursaspor,€1.8M,€8K,8,1.8
Yun Suk Young,27,Korea Republic,69,Kashiwa Reysol,€875K,€7K,7,875
E. Kaş,25,Turkey,69,Kayserispor,€1.1M,€8K,8,1.1
A. Ienaga,31,Japan,69,Kawasaki Frontale,€950K,€6K,6,950
Gu Sung Yun,23,Korea Republic,69,Hokkaido Consadole Sapporo,€1.2M,€2K,2,1.2
Park Chu Young,31,Korea Republic,68,FC Seoul,€800K,€6K,6,800
A. Aosman,22,Syria,68,SG Dynamo Dresden,€1.2M,€8K,8,1.2
H. Okuno,27,Japan,68,Vegalta Sendai,€950K,€4K,4,950
Song Jin Hyung,29,Korea Republic,68,FC Seoul,€875K,€6K,6,875
S. Tomita,31,Japan,68,Vegalta Sendai,€600K,€4K,4,600
U. Ceylan,31,Turkey,68,Alanyaspor,€550K,€7K,7,550
A. Al Zori,29,Saudi Arabia,68,Al Hilal,€675K,€21K,21,675
V. Sarı,28,Turkey,68,Kasimpaşa SK,€725K,€9K,9,725
A. Al Fraidi,29,Saudi Arabia,68,Al Nassr,€875K,€23K,23,875
Oh Seung Hoon,29,Korea Republic,68,Sangju Sangmu FC,€700K,€3K,3,700
Kim Ho Jun,33,Korea Republic,68,Jeju United FC,€450K,€3K,3,450
Hwang Ui Jo,24,Korea Republic,68,Gamba Osaka,€1.2M,€8K,8,1.2
K. Zengin,32,Turkey,68,Kardemir Karabükspor,€500K,€8K,8,500
U. Bulut,34,Turkey,68,Kayserispor,€475K,€10K,10,475
J. Tanaka,29,Japan,68,Vissel Kobe,€900K,€6K,6,900
S. Gonda,28,Japan,68,Sagan Tosu,€625K,€3K,3,625
Shin Hyung Min,30,Korea Republic,68,Jeonbuk Hyundai Motors,€675K,€7K,7,675
A. Yasin,26,Iraq,68,BK Häcken,€1.1M,€7K,7,1.1
C. Masuda,32,Japan,68,Shimizu S-Pulse,€525K,€3K,3,525
Kim Ho Nam,28,Korea Republic,68,Sangju Sangmu FC,€900K,€5K,5,900
Jang Hyeon Soo,25,Korea Republic,68,F.C. Tokyo,€950K,€6K,6,950
K. Sharahili,29,Saudi Arabia,68,Al Faisaly,€600K,€12K,12,600
Jiang Zhipeng,28,China PR,68,"",€0,€0.00,0.00,0
A. Afif,20,Qatar,68,KAS Eupen,€1.4M,€14K,14,1.4
Y. Endo,29,Japan,68,Kashima Antlers,€875K,€8K,8,875
U. Çiftçi,25,Turkey,68,Gençlerbirliği SK,€925K,€10K,10,925
B. Başdaş,27,Turkey,68,Kardemir Karabükspor,€750K,€8K,8,750
Hwang Hee Chan,21,Korea Republic,68,FC Red Bull Salzburg,€1.5M,€16K,16,1.5
Wang Yongpo,30,China PR,68,"",€0,€0.00,0.00,0
M. Duruer,29,Turkey,68,Gençlerbirliği SK,€875K,€12K,12,875
Lee Seung Hee,29,Korea Republic,68,Pohang Steelers,€700K,€7K,7,700
K. Noborizato,26,Japan,68,Kawasaki Frontale,€1.1M,€6K,6,1.1
R. Morioka,26,Japan,68,Waasland-Beveren,€1.1M,€8K,8,1.1
T. Kida,22,Japan,68,Yokohama F. Marinos,€1.1M,€5K,5,1.1
A. Quan,31,China PR,68,"",€0,€0.00,0.00,0
Z. Erdal,29,Turkey,68,Medicana Sivasspor,€675K,€9K,9,675
S. Luaibi,25,Iraq,68,Al Shabab,€950K,€17K,17,950
F. Özçal,26,Turkey,68,Bursaspor,€1M,€11K,11,1
H. Al Raheb,33,Saudi Arabia,68,Al Nassr,€575K,€23K,23,575
A. Karaer,29,Turkey,68,Osmanlıspor,€675K,€11K,11,675
N. Wako,27,Japan,68,Kashiwa Reysol,€825K,€7K,7,825
A. Demircan,26,Turkey,68,Atiker Konyaspor,€750K,€8K,8,750
K. Keleş,29,Turkey,68,Akhisar Belediyespor,€675K,€11K,11,675
Z. Yavru,25,Turkey,68,Gençlerbirliği SK,€875K,€10K,10,875
S. Nakajima,22,Japan,68,Portimonense SC,€1.4M,€7K,7,1.4
N. Şahin,27,Turkey,68,Gençlerbirliği SK,€725K,€8K,8,725
N. Etheridge,27,Philippines,68,Cardiff City,€725K,€13K,13,725
T. Şahin,29,Turkey,68,Evkur Yeni Malatyaspor,€875K,€10K,10,875
P. Sadeghian,25,Iran,68,Osmanlıspor,€1.1M,€11K,11,1.1
Moon Chang Jin,23,Korea Republic,68,Gangwon FC,€1.2M,€4K,4,1.2
Zhang Yuning,20,China PR,68,SV Werder Bremen,€1.5M,€30K,30,1.5
Son Jun Ho,25,Korea Republic,68,Pohang Steelers,€1.1M,€7K,7,1.1
T. Ugajin,29,Japan,68,Urawa Red Diamonds,€875K,€8K,8,875
Shim Dong Woon,27,Korea Republic,68,Pohang Steelers,€950K,€8K,8,950
B. Yardımcı,24,Turkey,68,Bursaspor,€900K,€9K,9,900
R. Doan,19,Japan,68,FC Groningen,€1.6M,€5K,5,1.6
Y. Ono,24,Japan,68,Sagan Tosu,€1.1M,€3K,3,1.1
Hwang Hyun Soo,21,Korea Republic,68,FC Seoul,€1.2M,€4K,4,1.2
K. Ota,29,Japan,68,F.C. Tokyo,€675K,€7K,7,675
D. Kikuchi,26,Japan,68,Urawa Red Diamonds,€950K,€8K,8,950
F. Öztürk,30,Turkey,68,Akhisar Belediyespor,€575K,€8K,8,575
Xiao Zhi,32,China PR,68,"",€0,€0.00,0.00,0
I. Doğan,26,Turkey,68,Kardemir Karabükspor,€750K,€8K,8,750
Zhao Xuri,31,China PR,68,"",€0,€0.00,0.00,0
A. Merkel,25,Kazakhstan,68,VfL Bochum,€1.1M,€11K,11,1.1
H. Çinemre,23,Turkey,67,Göztepe,€925K,€9K,9,925
S. Taniguchi,25,Japan,67,Kawasaki Frontale,€825K,€5K,5,825
Y. Toyoda,32,Japan,67,Sagan Tosu,€600K,€4K,4,600
T. Nara,23,Japan,67,Kawasaki Frontale,€975K,€5K,5,975
Choi Hyo Jin,33,Korea Republic,67,Jeonnam Dragons,€290K,€4K,4,290
R. Maeda,35,Japan,67,F.C. Tokyo,€350K,€6K,6,350
A. Al Ghamdi,22,Saudi Arabia,67,Al Ittihad,€1.1M,€21K,21,1.1
Lee Keun Ho,32,Korea Republic,67,Gangwon FC,€600K,€5K,5,600
Oh Beom Seok,32,Korea Republic,67,Gangwon FC,€425K,€4K,4,425
K. Al Ghamdi,29,Saudi Arabia,67,Al Nassr,€575K,€21K,21,575
Lee Sang Ho,30,Korea Republic,67,FC Seoul,€725K,€6K,6,725
Hwang Jin Sung,33,Korea Republic,67,Gangwon FC,€450K,€5K,5,450
H. Taniguchi,32,Japan,67,Sagan Tosu,€450K,€4K,4,450
Y. Yoshida,27,Japan,67,Sagan Tosu,€625K,€4K,4,625
Y. Konno,34,Japan,67,Gamba Osaka,€230K,€7K,7,230
H. Kanazono,28,Japan,67,Hokkaido Consadole Sapporo,€800K,€4K,4,800
Y. Suzuki,21,Japan,67,Kashima Antlers,€1.3M,€7K,7,1.3
M. Kudo,27,Japan,67,Sanfrecce Hiroshima,€900K,€9K,9,900
Lee Yun Pyo,32,Korea Republic,67,Incheon United FC,€450K,€4K,4,450
M. Nizam,26,Turkey,67,Antalyaspor,€750K,€10K,10,750
K. Nakamachi,31,Japan,67,Yokohama F. Marinos,€525K,€6K,6,525
F. Kaplan,28,Turkey,67,Antalyaspor,€625K,€9K,9,625
A. Tanaka,29,Japan,67,HJK Helsinki,€750K,€1K,1,750
Moon Seon Min,25,Korea Republic,67,Incheon United FC,€950K,€4K,4,950
Kim Tae Hwan,27,Korea Republic,67,Sangju Sangmu FC,€625K,€5K,5,625
Y. Nakazawa,39,Japan,67,Yokohama F. Marinos,€50K,€4K,4,50
M. Inoha,31,Japan,67,Vissel Kobe,€525K,€4K,4,525
Lee Seung Gi,29,Korea Republic,67,Jeonbuk Hyundai Motors,€725K,€8K,8,725
Wu Xi,28,China PR,67,"",€0,€0.00,0.00,0
R. Miyaichi,24,Japan,67,FC St. Pauli,€1M,€10K,10,1
F. Al Qarni,25,Saudi Arabia,67,Al Ittihad,€675K,€15K,15,675
Jung Woo Jae,25,Korea Republic,67,Daegu FC,€925K,€4K,4,925
K. Altınay,25,Turkey,67,Osmanlıspor,€800K,€10K,10,800
K. Chiba,32,Japan,67,Sanfrecce Hiroshima,€450K,€7K,7,450
C. Alkılıç,29,Turkey,67,Alanyaspor,€575K,€9K,9,575
Gwon Wan Gyu,25,Korea Republic,67,Pohang Steelers,€850K,€6K,6,850
S. Al Duayyi,24,Saudi Arabia,67,Al Faisaly,€900K,€12K,12,900
A. Al Asta,30,Saudi Arabia,67,Al Nassr,€550K,€20K,20,550
Song Si Woo,23,Korea Republic,67,Incheon United FC,€1M,€4K,4,1
Paik Seung Ho,20,Korea Republic,67,Girona CF,€1.2M,€11K,11,1.2
H. Hosogai,31,Japan,67,Kashiwa Reysol,€525K,€7K,7,525
G. Miura,22,Japan,67,Gamba Osaka,€1M,€6K,6,1
H. Özmert,32,Turkey,67,İstanbul Başakşehir FK,€450K,€13K,13,450
N. Çiftçi,25,Turkey,67,Plymouth Argyle,€925K,€30K,30,925
F. Öztorun,30,Turkey,67,Atiker Konyaspor,€550K,€10K,10,550
E. Nefiz,22,Turkey,67,Alanyaspor,€1.2M,€8K,8,1.2
E. Tozlu,26,Turkey,67,Evkur Yeni Malatyaspor,€900K,€10K,10,900
H. Pehlivan,23,Turkey,67,Gençlerbirliği SK,€825K,€9K,9,825
Y. Otsu,27,Japan,67,Kashiwa Reysol,€800K,€8K,8,800
Ko Seung Beom,23,Korea Republic,67,Suwon Samsung Bluewings,€1M,€5K,5,1
S. Sararer,27,Turkey,67,SpVgg Greuther Fürth,€800K,€8K,8,800
Y. Nakayama,20,Japan,67,Kashiwa Reysol,€1.1M,€6K,6,1.1
Han Kwang Song,18,Korea DPR,67,Perugia,€1.6M,€18K,18,1.6
S. Özkan,30,Turkey,67,Gençlerbirliği SK,€725K,€11K,11,725
H. Mahbub,24,Saudi Arabia,67,Al Hilal,€825K,€17K,17,825
M. Akbaş,27,Turkey,67,Trabzonspor,€650K,€16K,16,650
H. Abe,27,Japan,67,Kawasaki Frontale,€825K,€6K,6,825
Lee Yeong Jae,22,Korea Republic,67,Ulsan Hyundai Horang-i,€1.2M,€5K,5,1.2
K. Shimizu,28,Japan,67,Shimizu S-Pulse,€775K,€8K,8,775
M. Kanno,22,Saudi Arabia,67,Al Hilal,€1.2M,€19K,19,1.2
D. Nishi,29,Japan,67,Kashima Antlers,€575K,€8K,8,575
S. Nagasawa,28,Japan,67,Gamba Osaka,€800K,€9K,9,800
R. Nagaki,29,Japan,67,Kashima Antlers,€600K,€8K,8,600
O. Şam,31,Turkey,67,Gençlerbirliği SK,€500K,€10K,10,500
Jeong Jae Yong,26,Korea Republic,67,Ulsan Hyundai Horang-i,€875K,€6K,6,875
K. Misao,21,Japan,67,Kashima Antlers,€1.1M,€6K,6,1.1
S. Kariri,36,Saudi Arabia,67,Al Shabab,€100K,€13K,13,100
R. Moriwaki,31,Japan,67,Urawa Red Diamonds,€525K,€7K,7,525
Lee Seul Chan,23,Korea Republic,67,Jeonnam Dragons,€850K,€4K,4,850
A. Nakamura,26,Japan,67,Kashima Antlers,€825K,€8K,8,825
A. Turan,25,Turkey,67,Kayserispor,€825K,€8K,8,825
K. Moriya,28,Japan,67,Kawasaki Frontale,€775K,€6K,6,775
Yeo Reum,28,Korea Republic,67,Sangju Sangmu FC,€750K,€3K,3,750
G. Güvenç,25,Turkey,67,Göztepe,€725K,€8K,8,725
Joo Min Kyu,27,Korea Republic,67,Sangju Sangmu FC,€825K,€4K,4,825
B. Özcan,19,Turkey,67,VfB Stuttgart,€1.3M,€8K,8,1.3
T. Edamura,30,Japan,67,Shimizu S-Pulse,€725K,€3K,3,725
R. Shirasaki,24,Japan,67,Shimizu S-Pulse,€950K,€3K,3,950
A. Falatah,33,Saudi Arabia,67,Al Ittihad,€290K,€20K,20,290
B. Körk,37,Turkey,67,Akhisar Belediyespor,€50K,€5K,5,50
S. Takahashi,27,Japan,67,Vissel Kobe,€625K,€4K,4,625
Kim Nam Chun,28,Korea Republic,67,Sangju Sangmu FC,€700K,€5K,5,700
Kim Yong Hwan,24,Korea Republic,67,Incheon United FC,€1M,€4K,4,1
Lim Chai Min,26,Korea Republic,67,Sangju Sangmu FC,€775K,€3K,3,775
Y. Kasim,26,Iraq,67,Northampton Town,€875K,€6K,6,875
S. Chhetri,32,India,67,"",€0,€0.00,0.00,0
R. Köse,29,Turkey,67,Kasimpaşa SK,€525K,€7K,7,525
V. Galiulin,29,Uzbekistan,67,FC Tosno,€750K,€14K,14,750
Lee Jong Sung,24,Korea Republic,67,Suwon Samsung Bluewings,€975K,€5K,5,975
Lee Kyung Ryul,29,Korea Republic,67,Sangju Sangmu FC,€600K,€3K,3,600
Cho Yong Hyung,33,Korea Republic,67,Jeju United FC,€300K,€4K,4,300
Jang Ho Ik,23,Korea Republic,67,Suwon Samsung Bluewings,€1M,€5K,5,1
Kim Min Hyeok,25,Korea Republic,67,Sagan Tosu,€800K,€3K,3,800
Lee Chang Geun,23,Korea Republic,67,Jeju United FC,€750K,€3K,3,750
H. Aslantaş,31,Turkey,67,Kardemir Karabükspor,€500K,€8K,8,500
Lee Woong Hee,28,Korea Republic,66,Sangju Sangmu FC,€575K,€3K,3,575
K. Engel,28,Kazakhstan,66,VfL Osnabrück,€500K,€1K,1,500
A. Al Qarni,33,Saudi Arabia,66,Al Ittihad,€325K,€8K,8,325
Cho Soo Hyuk,30,Korea Republic,66,Ulsan Hyundai Horang-i,€425K,€2K,2,425
Y. Takahashi,32,Japan,66,Sagan Tosu,€375K,€2K,2,375
F. Görgülü,25,Turkey,66,Kardemir Karabükspor,€625K,€4K,4,625
A. Al Obaid,24,Saudi Arabia,66,Al Qadisiyah,€700K,€4K,4,700
O. Özdemir,22,Turkey,66,SG Sonnenhof Großaspach,€750K,€1K,1,750
T. Bu Haymid,29,Saudi Arabia,66,Al Fayha,€625K,€7K,7,625
S. Ezatolahi,20,Iran,66,Amkar Perm,€1.2M,€7K,7,1.2
Ren Hang,28,China PR,66,"",€0,€0.00,0.00,0
Bae Il Hwan,28,Korea Republic,66,Jeju United FC,€650K,€2K,2,650
M. Abu Radiyah,30,Saudi Arabia,66,Al Ahli,€625K,€11K,11,625
H. Mizumoto,31,Japan,66,Sanfrecce Hiroshima,€425K,€4K,4,425
A. Kara,24,Turkey,66,Evkur Yeni Malatyaspor,€750K,€7K,7,750
Park Gi Dong,28,Korea Republic,66,Suwon Samsung Bluewings,€675K,€3K,3,675
Cho Sung Hwan,35,Korea Republic,66,Jeonbuk Hyundai Motors,€150K,€2K,2,150
Yun Ju Tae,27,Korea Republic,66,Sangju Sangmu FC,€675K,€3K,3,675
Lee Gwang Hyeok,21,Korea Republic,66,Pohang Steelers,€925K,€3K,3,925
Kim Jin Young,25,Korea Republic,66,Pohang Steelers,€575K,€2K,2,575
S. Al Muwallad,26,Saudi Arabia,66,Al Ahli,€625K,€10K,10,625
Heo Young Joon,24,Korea Republic,66,Jeonnam Dragons,€850K,€2K,2,850
H. Bahebri,24,Saudi Arabia,66,Al Shabab,€825K,€8K,8,825
A. Awaji,27,Saudi Arabia,66,Al Ahli,€675K,€10K,10,675
H. Iikura,31,Japan,66,Yokohama F. Marinos,€400K,€2K,2,400
T. Yalçıner,30,Turkey,66,Alanyaspor,€475K,€4K,4,475
A. Al Sahabi,30,Saudi Arabia,66,Al Ahli,€475K,€10K,10,475
Y. Tasaka,31,Japan,66,Kawasaki Frontale,€425K,€3K,3,425
Y. Al Salem,32,Saudi Arabia,66,Ettifaq FC,€525K,€5K,5,525
S. Al Sawadi,24,Saudi Arabia,66,Al Raed,€875K,€6K,6,875
Lee Ki Je,25,Korea Republic,66,Ulsan Hyundai Horang-i,€650K,€2K,2,650
A. Kurdy,25,Saudi Arabia,66,Al Ahli,€675K,€9K,9,675
J. Amano,25,Japan,66,Yokohama F. Marinos,€775K,€3K,3,775
B. Emir,29,Turkey,66,Alanyaspor,€475K,€4K,4,475
Lee Seok Hyun,27,Korea Republic,66,FC Seoul,€725K,€3K,3,725
Lee Yong,30,Korea Republic,66,Jeonbuk Hyundai Motors,€475K,€3K,3,475
A. Al Kassar,26,Saudi Arabia,66,Ettifaq FC,€575K,€4K,4,575
A. Zain,25,Saudi Arabia,66,Al Ahli,€700K,€10K,10,700
Kwak Hae Seong,25,Korea Republic,66,Incheon United FC,€700K,€2K,2,700
T. Morimoto,29,Japan,66,Kawasaki Frontale,€650K,€3K,3,650
Hong Jung Nam,29,Korea Republic,66,Jeonbuk Hyundai Motors,€425K,€3K,3,425
M. Taş,26,Turkey,66,Gençlerbirliği SK,€700K,€5K,5,700
H. Kawano,27,Japan,66,Sagan Tosu,€675K,€2K,2,675
T. Lee,31,Japan,66,Urawa Red Diamonds,€575K,€4K,4,575
K. Higashi,26,Japan,66,F.C. Tokyo,€700K,€4K,4,700
Yin Hongbo,27,China PR,66,"",€0,€0.00,0.00,0
R. Sufyani,30,Saudi Arabia,66,Al Ittihad,€600K,€10K,10,600
J. Karacan,28,Turkey,66,Bolton Wanderers,€650K,€11K,11,650
Park Tae Hong,26,Korea Republic,66,Daegu FC,€650K,€2K,2,650
K. Yonekura,29,Japan,66,Gamba Osaka,€475K,€4K,4,475
S. Yamamoto,32,Japan,66,Kashima Antlers,€350K,€4K,4,350
Lim Jong Eun,27,Korea Republic,66,Jeonbuk Hyundai Motors,€600K,€3K,3,600
Kim Sung Hwan,30,Korea Republic,66,Ulsan Hyundai Horang-i,€475K,€2K,2,475
Y. Al Nakhli,26,Saudi Arabia,66,Al Ittihad,€625K,€10K,10,625
R. Harakawa,23,Japan,66,Sagan Tosu,€850K,€2K,2,850
Jeong Hyuk,31,Korea Republic,66,Jeonbuk Hyundai Motors,€550K,€4K,4,550
K. Tokura,31,Japan,66,Hokkaido Consadole Sapporo,€575K,€2K,2,575
T. Umesaki,30,Japan,66,Urawa Red Diamonds,€600K,€4K,4,600
Y. Mutō,28,Japan,66,Urawa Red Diamonds,€675K,€4K,4,675
Kwak Kwang Sun,31,Korea Republic,66,Suwon Samsung Bluewings,€425K,€3K,3,425
I. Depe,24,Turkey,66,Kardemir Karabükspor,€825K,€4K,4,825
Zhao Mingjian,29,China PR,66,"",€0,€0.00,0.00,0
A. Al Salem,24,Saudi Arabia,66,Al Fayha,€875K,€5K,5,875
M. Musaka,26,Japan,66,Shimizu S-Pulse,€675K,€2K,2,675
B. Parlak,27,Turkey,66,Alanyaspor,€600K,€4K,4,600
Park Jin Po,29,Korea Republic,66,Jeju United FC,€475K,€2K,2,475
H. Otani,32,Japan,66,Kashiwa Reysol,€375K,€4K,4,375
R. Şimşek,26,Turkey,66,Medicana Sivasspor,€625K,€4K,4,625
Kim Dong Woo,29,Korea Republic,66,Daegu FC,€500K,€3K,3,500
A. Barada,26,Japan,66,Omiya Ardija,€775K,€2K,2,775
A. Ateef,34,Saudi Arabia,66,Al Shabab,€200K,€9K,9,200
T. Çamdal,26,Turkey,66,Galatasaray SK,€625K,€13K,13,625
K. Yamamura,27,Japan,66,Cerezo Osaka,€750K,€2K,2,750
C. Özdemir,24,Turkey,66,Medicana Sivasspor,€800K,€4K,4,800
M. Al Fatil,25,Saudi Arabia,66,Al Ahli,€750K,€9K,9,750
A. Hayashi,30,Japan,66,F.C. Tokyo,€425K,€3K,3,425
M. Çelik,27,Turkey,66,Akhisar Belediyespor,€675K,€5K,5,675
Sin Se Gye,26,Korea Republic,66,Sangju Sangmu FC,€625K,€3K,3,625
H. Yılmaz,33,Turkey,66,Alanyaspor,€325K,€3K,3,325
S. Bakış,23,Turkey,66,Bursaspor,€925K,€5K,5,925
M. Al Harbi,29,Saudi Arabia,66,Al Ahli,€475K,€10K,10,475
Kim Gun Hee,22,Korea Republic,66,Suwon Samsung Bluewings,€900K,€3K,3,900
Kim Dae Ho,29,Korea Republic,66,Pohang Steelers,€475K,€3K,3,475
T. Nakamura,27,Japan,66,Júbilo Iwata,€525K,€2K,2,525
U. Zeybek,22,Turkey,66,Fenerbahçe SK,€975K,€14K,14,975
K. Kawamata,27,Japan,66,Júbilo Iwata,€750K,€2K,2,750
Kim Chang Soo,31,Korea Republic,66,Ulsan Hyundai Horang-i,€425K,€2K,2,425
K. Nagasawa,25,Japan,66,Urawa Red Diamonds,€775K,€4K,4,775
K. Taketomi,26,Japan,66,Kashiwa Reysol,€750K,€4K,4,750
B. Dabanli,27,Turkey,66,Rot-Weiß Erfurt,€650K,€1K,1,650
A. Fadlalla,23,Qatar,66,KAS Eupen,€750K,€3K,3,750
Ko Moo Yeol,26,Korea Republic,66,Jeonbuk Hyundai Motors,€700K,€4K,4,700
S. Saad,24,Lebanon,66,Sporting Kansas City,€825K,€3K,3,825
Ko Tae Won,24,Korea Republic,65,Jeonnam Dragons,€675K,€2K,2,675
T. Kanamori,23,Japan,65,Kashima Antlers,€800K,€4K,4,800
No Dong Geon,25,Korea Republic,65,Pohang Steelers,€525K,€2K,2,525
Y. Hiraoka,31,Japan,65,Vegalta Sendai,€375K,€2K,2,375
Suh Myeong Won,22,Korea Republic,65,Ulsan Hyundai Horang-i,€875K,€2K,2,875
J. Kusukami,29,Japan,65,Western Sydney Wanderers,€525K,€3K,3,525
M. Al Bishi,30,Saudi Arabia,65,Al Faisaly,€400K,€7K,7,400
R. Hayasaka,31,Japan,65,Hokkaido Consadole Sapporo,€475K,€2K,2,475
A. Al Enezi,26,Saudi Arabia,65,Al Nassr,€425K,€8K,8,425
T. Acar,31,Turkey,65,Medicana Sivasspor,€325K,€3K,3,325
Jo Young Cheol,28,Korea Republic,65,Sangju Sangmu FC,€550K,€3K,3,550
Jin Seong Wook,23,Korea Republic,65,Jeju United FC,€775K,€2K,2,775
S. Akasaki,25,Japan,65,Gamba Osaka,€700K,€4K,4,700
A. Khalaf,25,Iraq,65,Ettifaq FC,€575K,€4K,4,575
T. Endoh,23,Japan,65,Toronto FC,€725K,€2K,2,725
Jang Seong Jae,21,Korea Republic,65,Ulsan Hyundai Horang-i,€925K,€2K,2,925
Lee Kyu Ro,28,Korea Republic,65,FC Seoul,€425K,€3K,3,425
A. Uludağ,26,Turkey,65,Gençlerbirliği SK,€525K,€5K,5,525
E. Sarraj,27,Saudi Arabia,65,Al Faisaly,€575K,€10K,10,575
Y. Igawa,34,Japan,65,Kawasaki Frontale,€160K,€3K,3,160
S. Tekerci,23,Turkey,65,FSV Zwickau,€750K,€1K,1,750
G. Omae,27,Japan,65,Omiya Ardija,€575K,€2K,2,575
T. Hayashi,34,Japan,65,Sanfrecce Hiroshima,€220K,€3K,3,220
K. Morisaki,36,Japan,65,Sanfrecce Hiroshima,€70K,€3K,3,70
Park Dong Jin,22,Korea Republic,65,GwangJu FC,€675K,€1K,1,675
M. Fitzgerald,28,Japan,65,Kawasaki Frontale,€450K,€3K,3,450
F. Darwish,25,Saudi Arabia,65,Al Hilal,€475K,€9K,9,475
Ham Seok Min,23,Korea Republic,65,Suwon Samsung Bluewings,€550K,€2K,2,550
Park Won Jae,33,Korea Republic,65,Jeonbuk Hyundai Motors,€210K,€3K,3,210
A. Esaka,25,Japan,65,Omiya Ardija,€700K,€2K,2,700
Y. Iwakami,27,Japan,65,Omiya Ardija,€575K,€2K,2,575
H. Arslan,28,Turkey,65,Medicana Sivasspor,€450K,€4K,4,450
Yoo Hyun,32,Korea Republic,65,FC Seoul,€300K,€2K,2,300
Lim Min Hyuk,20,Korea Republic,65,FC Seoul,€850K,€2K,2,850
Kim Min Hyeok,24,Korea Republic,65,GwangJu FC,€700K,€1K,1,700
H. Shaian,28,Saudi Arabia,65,Al Nassr,€375K,€8K,8,375
Park Yong Woo,23,Korea Republic,65,Ulsan Hyundai Horang-i,€625K,€2K,2,625
J. Izumisawa,25,Japan,65,Gamba Osaka,€675K,€4K,4,675
Jeong Dong Ho,27,Korea Republic,65,Ulsan Hyundai Horang-i,€450K,€2K,2,450
T. Al Absi,24,Saudi Arabia,65,Al Taawoun,€625K,€5K,5,625
K. Kikuchi,31,Japan,65,Omiya Ardija,€375K,€2K,2,375
Kim Dae Jung,24,Korea Republic,65,Incheon United FC,€625K,€2K,2,625
A. Al Hafith,24,Saudi Arabia,65,Al Hilal,€725K,€8K,8,725
Lee Myung Jae,23,Korea Republic,65,Ulsan Hyundai Horang-i,€700K,€2K,2,700
T. Morita,26,Japan,65,Albirex Niigata,€450K,€1K,1,450
A. Al Mutairi,31,Saudi Arabia,65,Al Fayha,€475K,€6K,6,475
W. Suwayyid,29,Saudi Arabia,65,Al Faisaly,€400K,€7K,7,400
Sim Sang Min,24,Korea Republic,65,FC Seoul,€750K,€2K,2,750
Choi Kyu Baek,23,Korea Republic,65,Ulsan Hyundai Horang-i,€650K,€2K,2,650
Kim Dong Jin,24,Korea Republic,65,Daegu FC,€600K,€2K,2,600
A. Al Shammari,28,Saudi Arabia,65,Al Raed,€425K,€6K,6,425
A. Wailbi,26,Saudi Arabia,65,Al Nassr,€525K,€10K,10,525
Y. Otayn,26,Saudi Arabia,65,Ettifaq FC,€550K,€5K,5,550
Y. Maruyama,28,Japan,65,F.C. Tokyo,€450K,€3K,3,450
R. Ogawa,20,Japan,65,F.C. Tokyo,€800K,€2K,2,800
E. Güral,28,Turkey,65,Antalyaspor,€550K,€6K,6,550
K. Yoshimoto,29,Japan,65,F.C. Tokyo,€475K,€3K,3,475
T. Yonemoto,26,Japan,65,F.C. Tokyo,€625K,€4K,4,625
H. Fujiharu,28,Japan,65,Gamba Osaka,€425K,€4K,4,425
Kim Yong Dae,37,Korea Republic,65,Ulsan Hyundai Horang-i,€40K,€1K,1,40
O. Marciano,27,Israel,65,Hibernian,€450K,€2K,2,450
Kim Jung Ya,29,Korea Republic,65,Gamba Osaka,€425K,€4K,4,425
M. Al Fehaid,27,Saudi Arabia,65,Al Fateh,€550K,€8K,8,550
A. Al Owayshir,26,Saudi Arabia,65,Al Fateh,€500K,€6K,6,500
R. Shindo,21,Japan,65,Hokkaido Consadole Sapporo,€650K,€1K,1,650
K. Omori,25,Japan,65,Vissel Kobe,€650K,€2K,2,650
K. Otani,28,Japan,65,Albirex Niigata,€425K,€2K,2,425
Ha Dae Sung,32,Korea Republic,65,FC Seoul,€400K,€3K,3,400
Lee Jong Won,28,Korea Republic,65,Sangju Sangmu FC,€450K,€2K,2,450
Han Sang Wun,31,Korea Republic,65,Ulsan Hyundai Horang-i,€475K,€3K,3,475
Choi Jong Hoan,29,Korea Republic,65,Incheon United FC,€400K,€2K,2,400
Oh Jae Suk,27,Korea Republic,65,Gamba Osaka,€500K,€4K,4,500
E. Keleş,30,Turkey,65,Medicana Sivasspor,€525K,€5K,5,525
T. Hasegawa,23,Japan,65,Kawasaki Frontale,€800K,€2K,2,800
T. Aoki,27,Japan,65,Urawa Red Diamonds,€450K,€4K,4,450
M. Al Najrani,24,Saudi Arabia,65,Al Hilal,€750K,€9K,9,750
K. Miyoshi,20,Japan,65,Kawasaki Frontale,€975K,€2K,2,975
T. Miyayoshi,24,Japan,65,Sanfrecce Hiroshima,€725K,€4K,4,725
Kweon Han Jin,29,Korea Republic,65,Jeju United FC,€425K,€2K,2,425
S. Arai,28,Japan,65,Kawasaki Frontale,€375K,€2K,2,375
Yoon Seung Won,22,Korea Republic,65,FC Seoul,€825K,€3K,3,825
K. Murata,28,Japan,65,Shimizu S-Pulse,€550K,€2K,2,550
C. Songkrasin,23,Thailand,65,Hokkaido Consadole Sapporo,€675K,€2K,2,675
Y. Hasegawa,29,Japan,65,Shimizu S-Pulse,€550K,€2K,2,550
Moon Sang Yun,26,Korea Republic,65,Jeju United FC,€650K,€2K,2,650
Y. Barnawi,23,Saudi Arabia,65,Al Qadisiyah,€575K,€4K,4,575
Y. Maruhashi,26,Japan,65,Cerezo Osaka,€525K,€2K,2,525
N. Sakemoto,32,Japan,65,Cerezo Osaka,€300K,€2K,2,300
Park Soo Chang,28,Korea Republic,65,Sangju Sangmu FC,€550K,€2K,2,550
A. Al Sulayhim,23,Saudi Arabia,65,Al Shabab,€625K,€7K,7,625
M. Altıntaş,21,Turkey,65,Evkur Yeni Malatyaspor,€850K,€8K,8,850
E. Birniçan,28,Turkey,65,Kasimpaşa SK,€375K,€4K,4,375
J. Al Bishi,30,Saudi Arabia,65,Al Taawoun,€400K,€6K,6,400
Oh Chang Hyeon,25,Korea Republic,65,Pohang Steelers,€700K,€3K,3,700
S. Deliktaş,30,Turkey,65,Kardemir Karabükspor,€525K,€5K,5,525
G. Güzel,30,Turkey,65,Medicana Sivasspor,€500K,€4K,4,500
M. Bayır,28,Turkey,65,Osmanlıspor,€425K,€5K,5,425
Kim Chi Woo,33,Korea Republic,65,FC Seoul,€210K,€2K,2,210
Kim Jae Sung,33,Korea Republic,65,Jeonnam Dragons,€325K,€2K,2,325
Y. Nakasaka,19,Japan,65,Vissel Kobe,€1.2M,€2K,2,1.2
K. Oi,33,Japan,65,Júbilo Iwata,€220K,€2K,2,220
Baek Dong Gyu,26,Korea Republic,65,Jeju United FC,€550K,€2K,2,550
Y. Ahmed,23,Qatar,65,C.D. Leonesa S.A.D.,€625K,€2K,2,625
Lee Myung Joo,27,Korea Republic,65,FC Seoul,€500K,€2K,2,500
Kim Oh Gyu,28,Korea Republic,65,Gangwon FC,€450K,€2K,2,450
Y. Rokutan,30,Japan,65,Shimizu S-Pulse,€350K,€1K,1,350
Kwak Tae Hwi,35,Korea Republic,64,FC Seoul,€110K,€2K,2,110
A. Sevinç,18,Turkey,64,Trabzonspor,€925K,€6K,6,925
D. Kobayashi,34,Japan,64,New England Revolution,€220K,€3K,3,220
N. Mohammed,30,Saudi Arabia,64,Al Taawoun,€325K,€6K,6,325
M. Fujita,31,Japan,64,Sagan Tosu,€300K,€2K,2,300
Choe Jae Hyeon,23,Korea Republic,64,Jeonnam Dragons,€675K,€2K,2,675
N. Ishikawa,31,Japan,64,Hokkaido Consadole Sapporo,€300K,€2K,2,300
K. Oiwa,27,Japan,64,Vegalta Sendai,€375K,€2K,2,375
K. Kawata,29,Japan,64,Ventforet Kofu,€300K,€1K,1,300
Kim Min Tae,23,Korea Republic,64,Hokkaido Consadole Sapporo,€550K,€1K,1,550
Kang Sang Woo,23,Korea Republic,64,Pohang Steelers,€525K,€3K,3,525
Kim Dong Min,22,Korea Republic,64,Incheon United FC,€575K,€2K,2,575
N. Kato,32,Japan,64,Omiya Ardija,€260K,€1K,1,260
S. Morishita,31,Japan,64,Júbilo Iwata,€300K,€2K,2,300
T. Tomiyama,26,Japan,64,Albirex Niigata,€550K,€2K,2,550
A. Babacan,19,Turkey,64,Akhisar Belediyespor,€675K,€3K,3,675
E. Ataseven,24,Turkey,64,Akhisar Belediyespor,€500K,€4K,4,500
Pak Kwang Ryong,24,Korea DPR,64,SKN St. Pölten,€575K,€5K,5,575
Y. Tanaka,31,Japan,64,Ventforet Kofu,€400K,€2K,2,400
A. Fukuta,25,Japan,64,Sagan Tosu,€525K,€2K,2,525
A. Al Dawsari,28,Saudi Arabia,64,Al Hilal,€450K,€11K,11,450
S. Inagaki,25,Japan,64,Sanfrecce Hiroshima,€575K,€4K,4,575
Song Seung Min,25,Korea Republic,64,GwangJu FC,€575K,€2K,2,575
You Ju An,18,Korea Republic,64,Suwon Samsung Bluewings,€950K,€2K,2,950
Park Hyun Bem,30,Korea Republic,64,Suwon Samsung Bluewings,€425K,€3K,3,425
B. Atik,22,Turkey,64,1. FC Kaiserslautern,€675K,€8K,8,675
Lee Yong,28,Korea Republic,64,Gangwon FC,€375K,€2K,2,375
J. Fujimoto,33,Japan,64,Gamba Osaka,€270K,€4K,4,270
W. Evseev,25,Kazakhstan,64,Hansa Rostock,€550K,€1K,1,550
Kim Soo Beom,26,Korea Republic,64,Jeju United FC,€450K,€2K,2,450
Hong Jeong Un,22,Korea Republic,64,Daegu FC,€575K,€2K,2,575
Kim Jun Su,25,Korea Republic,64,Jeonnam Dragons,€500K,€2K,2,500
M. Durmuş,20,Turkey,64,Göztepe,€800K,€4K,4,800
Park Han Bin,19,Korea Republic,64,Daegu FC,€550K,€1K,1,550
Han Kook Young,27,Korea Republic,64,Gangwon FC,€375K,€2K,2,375
Kim Dong Suk,30,Korea Republic,64,Incheon United FC,€425K,€2K,2,425
T. Aoki,34,Japan,64,Sagan Tosu,€140K,€2K,2,140
O. Atasayar,22,Turkey,64,Bursaspor,€625K,€4K,4,625
K. Baysal,21,Turkey,64,Getafe CF,€625K,€5K,5,625
T. Wada,26,Japan,64,Omiya Ardija,€425K,€2K,2,425
T. Moniwa,35,Japan,64,Cerezo Osaka,€110K,€1K,1,110
Kim Sun Min,25,Korea Republic,64,Daegu FC,€550K,€2K,2,550
Y. Güveli,19,Turkey,64,Fenerbahçe SK,€875K,€8K,8,875
Shin Kwang Hoon,30,Korea Republic,64,FC Seoul,€325K,€2K,2,325
K. Choi,22,Korea Republic,64,FC St. Pauli,€650K,€5K,5,650
M. Al Thmali,25,Saudi Arabia,64,Al Shabab,€575K,€9K,9,575
Cho Chan Ho,31,Korea Republic,64,FC Seoul,€400K,€3K,3,400
A. Al Bishi,23,Saudi Arabia,64,Al Taawoun,€625K,€8K,8,625
C. Togashi,23,Japan,64,Yokohama F. Marinos,€600K,€3K,3,600
K. Endo,19,Japan,64,Yokohama F. Marinos,€775K,€2K,2,775
Y. Kajiyama,31,Japan,64,F.C. Tokyo,€375K,€4K,4,375
S. Al Mutairi,27,Saudi Arabia,64,Al Batin,€375K,€4K,4,375
M. Osman,23,Syria,64,Vitesse,€625K,€3K,3,625
S. Al Qumayzi,25,Saudi Arabia,64,Al Shabab,€475K,€8K,8,475
Lee Sang Heon,19,Korea Republic,64,Ulsan Hyundai Horang-i,€975K,€2K,2,975
A. Ömür,18,Turkey,64,Trabzonspor,€750K,€5K,5,750
L. Ralte,24,India,64,"",€0,€0.00,0.00,0
T. Majrashi,26,Saudi Arabia,64,Al Fayha,€475K,€6K,6,475
A. Al Zaqan,26,Saudi Arabia,64,Al Fateh,€475K,€8K,8,475
S. Aygüneş,26,Turkey,64,SV Sandhausen,€550K,€3K,3,550
W. Abdullah,31,Saudi Arabia,64,Al Nassr,€270K,€8K,8,270
H. Aiesh,22,Palestine,64,Östersunds FK,€625K,€2K,2,625
Ahn Ji Ho,30,Korea Republic,64,Gangwon FC,€325K,€2K,2,325
Kim Jin Hyuk,24,Korea Republic,64,Daegu FC,€550K,€2K,2,550
A. Al Shamekh,24,Saudi Arabia,64,Al Raed,€500K,€5K,5,500
S. Paul,30,India,64,"",€0,€0.00,0.00,0
K. Matsubara,24,Japan,64,Yokohama F. Marinos,€525K,€2K,2,525
Lee Yong Rae,31,Korea Republic,64,Suwon Samsung Bluewings,€300K,€3K,3,300
K. Mizuno,31,Japan,64,Sagan Tosu,€400K,€2K,2,400
M. Al Nakhli,22,Saudi Arabia,64,Al Ittihad,€575K,€8K,8,575
S. Al Jaman,23,Saudi Arabia,64,Al Ahli,€725K,€9K,9,725
R. Yamazaki,28,Japan,64,Albirex Niigata,€475K,€2K,2,475
Seo Jung Jin,27,Korea Republic,64,Suwon Samsung Bluewings,€475K,€3K,3,475
A. Çeviker,27,Turkey,64,Akhisar Belediyespor,€450K,€5K,5,450
Han Hee Hoon,26,Korea Republic,64,Daegu FC,€450K,€2K,2,450
H. Al Juhayyim,29,Saudi Arabia,64,Al Fateh,€450K,€9K,9,450
K. Hashimoto,23,Japan,64,F.C. Tokyo,€600K,€3K,3,600
S. Otsuka,27,Japan,64,Kawasaki Frontale,€475K,€3K,3,475
K. Mizunuma,27,Japan,64,Cerezo Osaka,€475K,€4K,4,475
G. Notsuda,23,Japan,64,Vegalta Sendai,€600K,€3K,3,600
A. Al Khaibari,27,Saudi Arabia,64,Ettifaq FC,€375K,€5K,5,375
M. Akça,26,Turkey,64,Evkur Yeni Malatyaspor,€400K,€4K,4,400
M. Al Harbi,28,Saudi Arabia,64,Al Fateh,€400K,€8K,8,400
Y. Ito,23,Japan,64,Kashima Antlers,€525K,€3K,3,525
Bae Seul Gi,32,Korea Republic,64,Pohang Steelers,€260K,€3K,3,260
M. Al Furayj,29,Saudi Arabia,64,Al Fayha,€300K,€5K,5,300
D. Davari,29,Iran,64,MSV Duisburg,€300K,€2K,2,300
Oh Seung Bum,36,Korea Republic,64,Gangwon FC,€140K,€2K,2,140
Cho Won Hee,34,Korea Republic,64,Suwon Samsung Bluewings,€220K,€3K,3,220
Lee Bum Young,28,Korea Republic,64,Gangwon FC,€325K,€2K,2,325
Y. Takeoka,31,Japan,64,Kawasaki Frontale,€300K,€3K,3,300
Kim Chi Gon,33,Korea Republic,64,Ulsan Hyundai Horang-i,€180K,€2K,2,180
Kim Won Sik,25,Korea Republic,64,FC Seoul,€500K,€2K,2,500
Y. Al Qahtani,34,Saudi Arabia,64,Al Hilal,€240K,€11K,11,240
T. Inukai,24,Japan,64,Shimizu S-Pulse,€475K,€1K,1,475
M. Al Khaibari,25,Saudi Arabia,64,Ettifaq FC,€450K,€9K,9,450
Park Jong Jin,30,Korea Republic,64,Incheon United FC,€425K,€2K,2,425
O. Özenç,24,Turkey,64,Antalyaspor,€425K,€3K,3,425
Y. Nakano,24,Japan,64,Vegalta Sendai,€600K,€2K,2,600
S. Kamata,28,Japan,64,Shimizu S-Pulse,€350K,€2K,2,350
K. Kano,31,Japan,64,Kawasaki Frontale,€400K,€3K,3,400
K. Matsubara,20,Japan,64,Shimizu S-Pulse,€550K,€1K,1,550
B. Reichert,23,Israel,64,SV Zulte-Waregem,€600K,€4K,4,600
O. Çelik,25,Turkey,64,Kardemir Karabükspor,€450K,€5K,5,450
M. Al Kuwaykibi,22,Saudi Arabia,64,Ettifaq FC,€675K,€4K,4,675
R. Takeuchi,26,Japan,64,Shimizu S-Pulse,€475K,€2K,2,475
Kang Min Soo,31,Korea Republic,64,Ulsan Hyundai Horang-i,€300K,€2K,2,300
S. Kaneko,22,Japan,64,Shimizu S-Pulse,€600K,€2K,2,600
S. Shrahilee,31,Saudi Arabia,64,Al Shabab,€300K,€9K,9,300
Park Sun Ju,25,Korea Republic,64,Gangwon FC,€475K,€2K,2,475
Cho Dong Gun,31,Korea Republic,64,Sagan Tosu,€400K,€2K,2,400
A. Al Fahad,23,Saudi Arabia,64,Al Shabab,€500K,€7K,7,500
Ahn Yong Woo,25,Korea Republic,64,Sagan Tosu,€525K,€2K,2,525
T. Bingöl,24,Turkey,64,Göztepe,€600K,€5K,5,600
A. Abbas,30,Iraq,64,Wellington Phoenix,€325K,€2K,2,325
Y. Aygün,21,Turkey,64,Göztepe,€450K,€3K,3,450
Kim Seung Yong,32,Korea Republic,64,Gangwon FC,€350K,€2K,2,350
Kang Hyeon Mu,22,Korea Republic,64,Pohang Steelers,€550K,€2K,2,550
S. Obu,24,Japan,64,Albirex Niigata,€525K,€2K,2,525
Jung In Whan,30,Korea Republic,64,FC Seoul,€325K,€2K,2,325
M. Mihara,28,Japan,64,Vissel Kobe,€450K,€2K,2,450
Y. Tanaka,31,Japan,64,Cerezo Osaka,€300K,€2K,2,300
D. Kılıç,21,Turkey,64,Göztepe,€775K,€4K,4,775
H. Artarslan,23,Turkey,64,Trabzonspor,€475K,€7K,7,475
F. Soyalp,22,Turkey,64,Bursaspor,€650K,€5K,5,650
Kim Geon Woong,19,Korea Republic,64,Ulsan Hyundai Horang-i,€625K,€1K,1,625
A. Al Qahtani,24,Saudi Arabia,64,Al Fayha,€600K,€5K,5,600
Han Seok Jong,24,Korea Republic,64,Incheon United FC,€600K,€2K,2,600
Jeong Jun Yeon,28,Korea Republic,64,Sangju Sangmu FC,€425K,€2K,2,425
O. Abdulaziz,33,Saudi Arabia,64,Al Faisaly,€180K,€7K,7,180
T. Abe,29,Japan,64,Ulsan Hyundai Horang-i,€450K,€3K,3,450
Yu Jun Soo,29,Korea Republic,64,Sangju Sangmu FC,€350K,€2K,2,350
A. Al Nazera,24,Saudi Arabia,64,Al Fateh,€600K,€9K,9,600
Y. Kobayashi,22,Japan,64,Kashiwa Reysol,€500K,€3K,3,500
S. Al Yami,23,Saudi Arabia,64,Al Faisaly,€550K,€8K,8,550
U. Çakır,21,Turkey,64,Trabzonspor,€475K,€4K,4,475
F. Al Yamani,27,Saudi Arabia,64,Al Faisaly,€450K,€7K,7,450
H. Abe,18,Japan,64,Kashima Antlers,€950K,€3K,3,950
N. Hazzazi,24,Saudi Arabia,63,Al Qadisiyah,€425K,€3K,3,425
F. Al Masrahi,24,Saudi Arabia,63,Al Qadisiyah,€375K,€2K,2,375
H. Futami,25,Japan,63,Shimizu S-Pulse,€325K,€1K,1,325
M. Abusabaan,27,Saudi Arabia,63,Al Faisaly,€350K,€4K,4,350
F. Aksoy,19,Turkey,63,Beşiktaş JK,€575K,€4K,4,575
M. Kazankov,30,Turkmenistan,63,FC SKA-Energiya Khabarovsk,€350K,€4K,4,350
C. Tosun,17,Turkey,63,Trabzonspor,€725K,€3K,3,725
Theo Ryuki,21,Japan,63,Portimonense SC,€600K,€1K,1,600
Yang Hyung Mo,25,Korea Republic,63,Suwon Samsung Bluewings,€300K,€1K,1,300
S. Al Beshi,27,Saudi Arabia,63,Al Faisaly,€300K,€4K,4,300
E. Özbir,27,Turkey,63,Evkur Yeni Malatyaspor,€300K,€2K,2,300
R. Arai,26,Japan,63,Ventforet Kofu,€375K,€1K,1,375
K. Ueda,31,Japan,63,Júbilo Iwata,€250K,€1K,1,250
I. İşçi,21,Turkey,63,Medicana Sivasspor,€450K,€2K,2,450
F. Al Kharaa,23,Saudi Arabia,63,Al Taawoun,€400K,€5K,5,400
H. Komoto,31,Japan,63,Omiya Ardija,€250K,€1K,1,250
I. Al Maghrabi,25,Saudi Arabia,63,Al Taawoun,€450K,€4K,4,450
K. Shafiei,30,Iran,63,FC Seoul,€270K,€2K,2,270
Lee Sang Hyeob,27,Korea Republic,63,Incheon United FC,€375K,€1K,1,375
F. Al Aiyaf,25,Saudi Arabia,63,Al Raed,€475K,€4K,4,475
M. Al Qarni,27,Saudi Arabia,63,Al Shabab,€350K,€6K,6,350
Kim Dae Won,20,Korea Republic,63,Daegu FC,€575K,€1K,1,575
M. Al Amri,25,Saudi Arabia,63,Al Raed,€400K,€4K,4,400
A. Jafar,23,Saudi Arabia,63,Al Shabab,€500K,€5K,5,500
Lee Min Gi,24,Korea Republic,63,GwangJu FC,€425K,€1K,1,425
E. Ersu,23,Turkey,63,Fenerbahçe SK,€400K,€7K,7,400
Kim Kyung Jung,26,Korea Republic,63,Gangwon FC,€425K,€1K,1,425
Jo Ju Young,23,Korea Republic,63,GwangJu FC,€525K,€1K,1,525
A. Al Yami,26,Saudi Arabia,63,Al Ittihad,€350K,€6K,6,350
Choi Sung Keun,25,Korea Republic,63,Suwon Samsung Bluewings,€450K,€2K,2,450
M. Yıldırım,30,Turkey,63,Evkur Yeni Malatyaspor,€350K,€3K,3,350
M. Al Anazi,27,Saudi Arabia,63,Al Batin,€300K,€2K,2,300
A. Bin Khayrallah,21,Saudi Arabia,63,Al Taawoun,€525K,€5K,5,525
H. Mahmoud,23,Saudi Arabia,63,Al Fayha,€450K,€3K,3,450
Kim Won Gun,25,Korea Republic,63,FC Seoul,€425K,€2K,2,425
E. Shomurodov,22,Uzbekistan,63,FC Rostov,€600K,€6K,6,600
T. Yokoyama,32,Japan,63,Hokkaido Consadole Sapporo,€210K,€1K,1,210
S. Al Zubaidi,24,Saudi Arabia,63,Al Ahli,€425K,€5K,5,425
A. Moein,21,Qatar,63,C.D. Leonesa S.A.D.,€575K,€1K,1,575
Fu Huan,23,China PR,63,"",€0,€0.00,0.00,0
S. Nakahara,23,Japan,63,Gamba Osaka,€500K,€1K,1,500
H. Demir,19,Turkey,63,Kasimpaşa SK,€475K,€2K,2,475
F. Al Subaiei,34,Saudi Arabia,63,Al Taawoun,€150K,€3K,3,150
T. Masushima,32,Japan,63,Vegalta Sendai,€210K,€2K,2,210
H. Al Hazaa,25,Saudi Arabia,63,Ettifaq FC,€475K,€4K,4,475
R. Yamanaka,24,Japan,63,Yokohama F. Marinos,€425K,€2K,2,425
Lee Ji Nam,32,Korea Republic,63,Jeonnam Dragons,€210K,€1K,1,210
U. Yuvakuran,19,Turkey,63,Beşiktaş JK,€650K,€3K,3,650
Shin Chang Moo,24,Korea Republic,63,Daegu FC,€475K,€1K,1,475
S. Yajima,23,Japan,63,Urawa Red Diamonds,€475K,€2K,2,475
A. Madu,23,Saudi Arabia,63,Al Nassr,€400K,€5K,5,400
Z. Al Sahafi,23,Saudi Arabia,63,Al Ittihad,€425K,€5K,5,425
Jang Yun Ho,20,Korea Republic,63,Jeonbuk Hyundai Motors,€550K,€2K,2,550
S. Palla,28,Philippines,63,Wolfsberger AC,€290K,€3K,3,290
H. Al Amiri,23,Saudi Arabia,63,Al Qadisiyah,€475K,€3K,3,475
O. Taşdelen,30,Turkey,63,Akhisar Belediyespor,€270K,€3K,3,270
M. Şengezer,20,Turkey,63,Bursaspor,€500K,€2K,2,500
S. Abe,33,Japan,63,Ventforet Kofu,€140K,€1K,1,140
F. Fallatah,28,Saudi Arabia,63,Al Qadisiyah,€325K,€3K,3,325
Kim Gyeong Min,26,Korea Republic,63,Incheon United FC,€375K,€1K,1,375
Lee Woo Hyeok,24,Korea Republic,63,GwangJu FC,€500K,€1K,1,500
K. Al Kaabi,25,Saudi Arabia,63,Al Shabab,€450K,€6K,6,450
T. Takagi,26,Japan,63,Urawa Red Diamonds,€400K,€3K,3,400
M. Kakuda,33,Japan,63,Shimizu S-Pulse,€150K,€1K,1,150
Kang Ji Yong,27,Korea Republic,63,Gangwon FC,€300K,€1K,1,300
Jung San,28,Korea Republic,63,Incheon United FC,€260K,€1K,1,260
N. Al Subhi,27,Saudi Arabia,63,Al Qadisiyah,€300K,€3K,3,300
Y. Misao,26,Japan,63,Kashima Antlers,€375K,€2K,2,375
H. Akbunar,23,Turkey,63,Göztepe,€525K,€3K,3,525
A. Al Mazaidi,31,Saudi Arabia,63,Al Fateh,€220K,€4K,4,220
Yeon Jei Min,24,Korea Republic,63,Jeonnam Dragons,€400K,€1K,1,400
T. Yamashita,29,Japan,63,Cerezo Osaka,€290K,€1K,1,290
K. Ogawa,24,Japan,63,Vissel Kobe,€475K,€1K,1,475
Kim Dae Gyeong,25,Korea Republic,63,Incheon United FC,€450K,€1K,1,450
A. Sharahili,23,Saudi Arabia,63,Al Fateh,€500K,€5K,5,500
A. Al Bulayhi,27,Saudi Arabia,63,Al Hilal,€300K,€6K,6,300
K. Mukuhara,27,Japan,63,Sanfrecce Hiroshima,€300K,€1K,1,300
S. Kobayashi,26,Japan,63,Vegalta Sendai,€400K,€1K,1,400
Park Yong Ji,24,Korea Republic,63,Incheon United FC,€500K,€1K,1,500
Seo Bo Min,27,Korea Republic,63,Pohang Steelers,€375K,€2K,2,375
Eddy Francis,26,China PR,63,Boavista FC,€350K,€2K,2,350
B. Al Seliteen,26,Saudi Arabia,63,Al Raed,€400K,€4K,4,400
Park Dae Han,26,Korea Republic,63,Jeonnam Dragons,€375K,€1K,1,375
T. Kaçar,23,Turkey,63,Osmanlıspor,€500K,€3K,3,500
A. Türkaslan,22,Turkey,63,Osmanlıspor,€375K,€2K,2,375
M. Tombakti,23,Saudi Arabia,63,Al Fayha,€450K,€3K,3,450
Jang Dae Hee,23,Korea Republic,63,Ulsan Hyundai Horang-i,€450K,€1K,1,450
H. Sanhaji,23,Qatar,63,KAS Eupen,€500K,€2K,2,500
H. Nakagawa,22,Japan,63,Kashiwa Reysol,€525K,€3K,3,525
Yang Han Been,25,Korea Republic,63,FC Seoul,€325K,€1K,1,325
Yang Jun A,28,Korea Republic,63,Jeonnam Dragons,€300K,€2K,2,300
Song Ju Hun,23,Korea Republic,63,Albirex Niigata,€425K,€1K,1,425
O. Ayık,27,Turkey,63,Akhisar Belediyespor,€375K,€4K,4,375
K. Seki,31,Japan,62,Vegalta Sendai,€180K,€1K,1,180
O. Muzayil,24,Saudi Arabia,62,Al Ittihad,€300K,€5K,5,300
Lim Min Hyeok,23,Korea Republic,62,Jeonnam Dragons,€325K,€1K,1,325
K. Hachisuka,26,Japan,62,Vegalta Sendai,€260K,€1K,1,260
T. Ciğerci,22,Turkey,62,SpVgg Greuther Fürth,€475K,€2K,2,475
Lee You Hyeon,20,Korea Republic,62,Jeonnam Dragons,€450K,€1K,1,450
C. Aydin,23,Turkey,62,Kayserispor,€350K,€2K,2,350
Y. Tokunaga,33,Japan,62,F.C. Tokyo,€120K,€2K,2,120
H. Hatao,26,Japan,62,Ventforet Kofu,€325K,€1K,1,325
A. Kano,27,Saudi Arabia,62,Al Fayha,€260K,€4K,4,260
R. Shinzato,26,Japan,62,Ventforet Kofu,€300K,€1K,1,300
M. Matsuhashi,32,Japan,62,Ventforet Kofu,€170K,€1K,1,170
A. Abbas,32,Saudi Arabia,62,Al Faisaly,€170K,€4K,4,170
H. Mita,26,Japan,62,Vegalta Sendai,€350K,€1K,1,350
H. Bilal,19,Turkey,62,Kasimpaşa SK,€525K,€2K,2,525
J. Al Dawsari,30,Saudi Arabia,62,Al Shabab,€230K,€6K,6,230
Y. Hashizume,26,Japan,62,Ventforet Kofu,€325K,€1K,1,325
N. Sugai,32,Japan,62,Vegalta Sendai,€240K,€1K,1,240
F. Al Shammari,36,Saudi Arabia,62,Al Fayha,€40K,€2K,2,40
R. Koike,21,Japan,62,Kashiwa Reysol,€350K,€2K,2,350
Kim Sung Ju,26,Korea Republic,62,Sangju Sangmu FC,€290K,€1K,1,290
A. Majrashi,25,Saudi Arabia,62,Al Fateh,€290K,€4K,4,290
K. Al Zealaiy,30,Saudi Arabia,62,Al Raed,€290K,€4K,4,290
A. Kawamoto,27,Japan,62,Ventforet Kofu,€325K,€1K,1,325
Kim Hyeon Wook,22,Korea Republic,62,Jeju United FC,€475K,€1K,1,475
Y. Ota,34,Japan,62,Júbilo Iwata,€150K,€1K,1,150
K. Yamakoshi,24,Japan,62,Omiya Ardija,€325K,€1K,1,325
Lee Sang Ki,21,Korea Republic,62,Pohang Steelers,€675K,€2K,2,675
S. Al Khaibari,27,Saudi Arabia,62,Al Fayha,€260K,€4K,4,260
A. Fallatah,23,Saudi Arabia,62,Al Qadisiyah,€350K,€3K,3,350
M. Sharahili,25,Saudi Arabia,62,Al Nassr,€260K,€5K,5,260
R. Matsuda,25,Japan,62,Cerezo Osaka,€300K,€1K,1,300
Je Jong Hyeon,25,Korea Republic,62,Sangju Sangmu FC,€280K,€1K,1,280
Jwa Joon Hyeop,26,Korea Republic,62,Jeju United FC,€375K,€1K,1,375
Y. Chajima,25,Japan,62,Sanfrecce Hiroshima,€375K,€3K,3,375
Bae Cheon Seok,27,Korea Republic,62,Jeonnam Dragons,€325K,€2K,2,325
E. Şehit,21,Turkey,62,Gençlerbirliği SK,€525K,€8K,8,525
Y. Kobayashi,31,Japan,62,Sagan Tosu,€200K,€1K,1,200
Park Joon Kang,26,Korea Republic,62,Sangju Sangmu FC,€290K,€1K,1,290
Kim Jung Hwan,20,Korea Republic,62,FC Seoul,€525K,€1K,1,525
J. Inamoto,37,Japan,62,Hokkaido Consadole Sapporo,€40K,€1K,1,40
T. Kanai,27,Japan,62,Yokohama F. Marinos,€280K,€2K,2,280
D. Erdoğan,20,Turkey,62,LASK Linz,€650K,€3K,3,650
Yun Sang Ho,25,Korea Republic,62,Incheon United FC,€375K,€1K,1,375
S. Al Masrahi,30,Saudi Arabia,62,Al Batin,€230K,€3K,3,230
H. El Helwe,22,Lebanon,62,Hallescher FC,€425K,€1K,1,425
A. Abedzadeh,24,Iran,62,CS Marítimo,€290K,€1K,1,290
A. Mhawi,21,Iraq,62,Al Batin,€425K,€2K,2,425
K. Yamamoto,27,Japan,62,Júbilo Iwata,€300K,€1K,1,300
Kim Young Chan,23,Korea Republic,62,Jeonbuk Hyundai Motors,€350K,€2K,2,350
A. Hyodo,35,Japan,62,Ventforet Kofu,€130K,€1K,1,130
O. Kurt,22,Turkey,62,SC Fortuna Köln,€400K,€1K,1,400
Li Lei,25,China PR,62,"",€0,€0.00,0.00,0
W. Al Anazi,22,Saudi Arabia,62,Al Shabab,€475K,€5K,5,475
M. Hazazi,29,Saudi Arabia,62,Al Fateh,€230K,€5K,5,230
Y. Al Musallam,31,Saudi Arabia,62,Al Raed,€200K,€4K,4,200
T. Shimohira,28,Japan,62,Yokohama F. Marinos,€240K,€2K,2,240
Y. Fujigaya,36,Japan,62,Gamba Osaka,€40K,€1K,1,40
A. Dadakdeniz,17,Turkey,62,Bursaspor,€400K,€1K,1,400
Back Jong Hwan,32,Korea Republic,62,Gangwon FC,€170K,€1K,1,170
Y. Minagawa,25,Japan,62,Sanfrecce Hiroshima,€400K,€3K,3,400
Bae Jae Woo,24,Korea Republic,62,Jeju United FC,€325K,€1K,1,325
Lee Jong Min,33,Korea Republic,62,GwangJu FC,€120K,€1K,1,120
N. Iwadate,28,Japan,62,Urawa Red Diamonds,€210K,€2K,2,210
D. Nasu,35,Japan,62,Urawa Red Diamonds,€70K,€2K,2,70
R. Shekari,19,Iran,62,Rubin Kazan,€650K,€4K,4,650
Park Sun Yong,28,Korea Republic,62,Pohang Steelers,€300K,€2K,2,300
Jeon Hyeon Chul,26,Korea Republic,62,Daegu FC,€325K,€1K,1,325
N. Ishihara,32,Japan,62,Vegalta Sendai,€240K,€1K,1,240
Y. Tanaka,28,Japan,62,Hokkaido Consadole Sapporo,€240K,€1K,1,240
S. Ogura,31,Japan,62,Ventforet Kofu,€200K,€1K,1,200
Lee Jin Hyung,29,Korea Republic,62,Incheon United FC,€200K,€1K,1,200
A. Al Dohaim,23,Saudi Arabia,62,Al Ittihad,€375K,€5K,5,375
E. Kılınç,22,Turkey,62,Medicana Sivasspor,€525K,€3K,3,525
K. Kitagawa,20,Japan,62,Shimizu S-Pulse,€425K,€1K,1,425
S. Çiftpınar,24,Turkey,62,Evkur Yeni Malatyaspor,€325K,€2K,2,325
Hwang Jae Won,36,Korea Republic,62,Daegu FC,€40K,€1K,1,40
Lee Hyo Gyun,29,Korea Republic,62,Incheon United FC,€300K,€2K,2,300
E. İşcan,25,Turkey,62,Galatasaray SK,€280K,€7K,7,280
K. Fujimoto,31,Japan,62,Cerezo Osaka,€200K,€1K,1,200
A. Al Dawsari,27,Saudi Arabia,62,Al Fateh,€290K,€5K,5,290
A. Al Sdairy,25,Saudi Arabia,62,Al Shabab,€280K,€4K,4,280
N. Fujita,30,Japan,62,Vissel Kobe,€280K,€2K,2,280
A. Al Asmari,20,Saudi Arabia,62,Al Ahli,€500K,€5K,5,500
S. Al Shehri,23,Saudi Arabia,62,Al Raed,€475K,€4K,4,475
K. Shimura,21,Japan,62,Júbilo Iwata,€350K,€1K,1,350
S. Al Najai,20,Saudi Arabia,62,Al Nassr,€650K,€5K,5,650
A. Hasegawa,28,Japan,62,Omiya Ardija,€300K,€1K,1,300
A. Al Barakah,26,Saudi Arabia,62,Al Fayha,€300K,€4K,4,300
W. Mudhaya,25,Saudi Arabia,62,Al Qadisiyah,€375K,€3K,3,375
N. Sakurauchi,27,Japan,62,Júbilo Iwata,€250K,€1K,1,250
Y. Tamura,24,Japan,62,Urawa Red Diamonds,€325K,€2K,2,325
Lee Jin Hyun,19,Korea Republic,62,FK Austria Wien,€500K,€1K,1,500
S. Muroya,23,Japan,62,F.C. Tokyo,€375K,€2K,2,375
Yang Sang Min,33,Korea Republic,62,Suwon Samsung Bluewings,€120K,€2K,2,120
S. Polat,20,Turkey,62,Atiker Konyaspor,€525K,€3K,3,525
Hyun Young Min,37,Korea Republic,62,Jeonnam Dragons,€100K,€1K,1,100
S. Al Sharif,25,Saudi Arabia,62,Al Raed,€350K,€4K,4,350
T. Umebachi,25,Japan,62,Kashima Antlers,€325K,€2K,2,325
M. Hamzi,25,Saudi Arabia,61,Al Faisaly,€300K,€5K,5,300
A. Madibo,20,Qatar,61,KAS Eupen,€350K,€2K,2,350
Kim Jong Min,24,Korea Republic,61,Suwon Samsung Bluewings,€325K,€2K,2,325
A. Dagriri,27,Saudi Arabia,61,Al Fayha,€170K,€3K,3,170
M. Malaeka,31,Saudi Arabia,61,Al Faisaly,€150K,€4K,4,150
I. Al Zubaidi,27,Saudi Arabia,61,Al Taawoun,€230K,€4K,4,230
M. Khubrani,23,Saudi Arabia,61,Al Qadisiyah,€270K,€3K,3,270
H. Al Shuwaysh,28,Saudi Arabia,61,Al Raed,€240K,€4K,4,240
S. Jhingan,23,India,61,"",€0,€0.00,0.00,0
R. Singh,27,India,61,"",€0,€0.00,0.00,0
N. Kikuchi,32,Japan,61,Hokkaido Consadole Sapporo,€140K,€1K,1,140
S. Motegi,20,Japan,61,Vegalta Sendai,€400K,€1K,1,400
F. Al Reshedi,26,Saudi Arabia,61,Al Raed,€300K,€4K,4,300
T. Matsuura,28,Japan,61,Júbilo Iwata,€250K,€2K,2,250
Lee Han Do,23,Korea Republic,61,GwangJu FC,€325K,€1K,1,325
H. Adıgüzel,17,Turkey,61,Akhisar Belediyespor,€500K,€2K,2,500
M. Al Otaibi,25,Saudi Arabia,61,Al Batin,€325K,€3K,3,325
T. Enomoto,34,Japan,61,Urawa Red Diamonds,€100K,€2K,2,100
F. Al Hajeri,25,Kuwait,61,Ettifaq FC,€270K,€3K,3,270
Moon Jeong In,19,Korea Republic,61,Ulsan Hyundai Horang-i,€350K,€1K,1,350
Lee Dong Su,23,Korea Republic,61,Jeju United FC,€350K,€1K,1,350
S. Hyodo,31,Japan,61,Hokkaido Consadole Sapporo,€220K,€1K,1,220
Lim Chan Wool,22,Korea Republic,61,Gangwon FC,€350K,€1K,1,350
U. Singh,21,India,61,"",€0,€0.00,0.00,0
S. Karakoç,20,Turkey,61,Fenerbahçe SK,€550K,€8K,8,550
E. Coşkun,23,Turkey,61,Göztepe,€325K,€3K,3,325
Hong Seung Hyeon,20,Korea Republic,61,Daegu FC,€425K,€1K,1,425
K. Yano,33,Japan,61,Albirex Niigata,€100K,€1K,1,100
A. Al Ammar,23,Saudi Arabia,61,Al Fateh,€325K,€4K,4,325
T. Miyazaki,30,Japan,61,Júbilo Iwata,€230K,€1K,1,230
Joo Hyeon Woo,26,Korea Republic,61,GwangJu FC,€270K,€1K,1,270
H. Jafry,25,Saudi Arabia,61,Al Fayha,€250K,€4K,4,250
S. Yokotani,30,Japan,61,Omiya Ardija,€230K,€1K,1,230
K. Al Anazi,32,Saudi Arabia,61,Al Batin,€200K,€3K,3,200
Oh Kwang Jin,30,Korea Republic,61,Daegu FC,€240K,€1K,1,240
Song Chang Ho,31,Korea Republic,61,Jeonnam Dragons,€170K,€1K,1,170
D. Al Qarni,28,Saudi Arabia,61,Al Fayha,€200K,€4K,4,200
E. Lyngdoh,30,India,61,"",€0,€0.00,0.00,0
M. Okugawa,21,Japan,61,SV Mattersburg,€475K,€4K,4,475
Y. Segawa,23,Japan,61,Omiya Ardija,€350K,€1K,1,350
F. Sucsuz,21,Turkey,61,FC Carl Zeiss Jena,€350K,€1K,1,350
S. Ando,26,Japan,61,Kawasaki Frontale,€210K,€1K,1,210
R. Çağıran,22,Turkey,61,Evkur Yeni Malatyaspor,€325K,€2K,2,325
K. Ono,27,Japan,61,Albirex Niigata,€210K,€1K,1,210
H. Kawabe,21,Japan,61,Júbilo Iwata,€350K,€1K,1,350
J. Kamata,31,Japan,61,Kashiwa Reysol,€170K,€2K,2,170
K. Saito,28,Japan,61,Júbilo Iwata,€260K,€2K,2,260
M. Kato,26,Japan,61,Albirex Niigata,€270K,€1K,1,270
H. Al Jayzani,24,Saudi Arabia,61,Al Shabab,€300K,€5K,5,300
M. Al Enazi,33,Saudi Arabia,61,Al Batin,€100K,€3K,3,100
D. Zeaiter,22,Lebanon,61,MSV Duisburg,€240K,€1K,1,240
A. Onaiwu,21,Japan,61,Urawa Red Diamonds,€350K,€2K,2,350
K. Al Samiri,20,Saudi Arabia,61,Al Ittihad,€400K,€5K,5,400
Kim Sang Won,25,Korea Republic,61,GwangJu FC,€300K,€1K,1,300
H. Al Habib,22,Saudi Arabia,61,Ettifaq FC,€375K,€3K,3,375
A. Al Khulaif,20,Saudi Arabia,61,Al Ahli,€425K,€5K,5,425
Woo Sang Ho,24,Korea Republic,61,Daegu FC,€280K,€1K,1,280
T. Masukawa,37,Japan,61,Hokkaido Consadole Sapporo,€30K,€1K,1,30
Park Dae Han,21,Korea Republic,61,Jeonnam Dragons,€300K,€1K,1,300
K. Machida,19,Japan,61,Kashima Antlers,€500K,€1K,1,500
A. Babacan,17,Turkey,61,Galatasaray SK,€500K,€5K,5,500
T. Arano,24,Japan,61,Hokkaido Consadole Sapporo,€325K,€1K,1,325
M. Abu Shararah,26,Saudi Arabia,61,Al Qadisiyah,€325K,€4K,4,325
R. Hatsuse,19,Japan,61,Gamba Osaka,€375K,€1K,1,375
M. Al Saiari,24,Saudi Arabia,61,Ettifaq FC,€325K,€3K,3,325
T. Morishima,20,Japan,61,Sanfrecce Hiroshima,€375K,€2K,2,375
U. Gündoğan,27,Turkey,61,Galatasaray SK,€280K,€9K,9,280
Cho Min Woo,25,Korea Republic,61,Pohang Steelers,€270K,€2K,2,270
M. Al Bishi,29,Saudi Arabia,61,Al Fayha,€250K,€5K,5,250
A. Shuhail,32,Saudi Arabia,61,Al Ittihad,€140K,€6K,6,140
Seo Young Jae,22,Korea Republic,61,Hamburger SV,€325K,€5K,5,325
Hwang Ji Soo,36,Korea Republic,61,Pohang Steelers,€30K,€1K,1,30
Lee Sang Min,22,Korea Republic,61,Suwon Samsung Bluewings,€375K,€2K,2,375
Lee Yang Jong,27,Korea Republic,61,Daegu FC,€200K,€1K,1,200
Y. Çelik,21,Turkey,61,Antalyaspor,€350K,€3K,3,350
F. Al Johani,25,Saudi Arabia,61,Al Qadisiyah,€325K,€3K,3,325
S. Kobayashi,23,Japan,61,Vissel Kobe,€325K,€1K,1,325
Hwang Soon Min,26,Korea Republic,61,Sangju Sangmu FC,€290K,€1K,1,290
A. Tanaka,18,Japan,61,Kawasaki Frontale,€525K,€1K,1,525
F. Musaev,28,Uzbekistan,61,Júbilo Iwata,€200K,€1K,1,200
S. Otsuki,28,Japan,61,Vissel Kobe,€260K,€2K,2,260
A. Jezawi,28,Saudi Arabia,61,Al Raed,€250K,€4K,4,250
K. Sekiguchi,31,Japan,61,Cerezo Osaka,€220K,€1K,1,220
Luong Xuan Truong,22,Vietnam,61,Gangwon FC,€350K,€1K,1,350
K. Tezuka,21,Japan,61,Kashiwa Reysol,€300K,€2K,2,300
Park Jung Ho,20,Korea Republic,60,Jeonbuk Hyundai Motors,€290K,€1K,1,290
A. Al Fahmi,26,Saudi Arabia,60,Al Qadisiyah,€190K,€2K,2,190
Woo Chan Yang,20,Korea Republic,60,Pohang Steelers,€325K,€1K,1,325
Seo Jae Min,19,Korea Republic,60,Daegu FC,€350K,€1K,1,350
D. Schmidt,25,Japan,60,Vegalta Sendai,€190K,€1K,1,190
J. Kanakubo,29,Japan,60,Vegalta Sendai,€200K,€1K,1,200
Na Sang Ho,20,Korea Republic,60,GwangJu FC,€375K,€1K,1,375
A. Karnuçu,17,Turkey,60,Galatasaray SK,€375K,€3K,3,375
B. Turan,20,Turkey,60,Kasimpaşa SK,€325K,€2K,2,325
O. Ural,20,Turkey,60,Kasimpaşa SK,€290K,€2K,2,290
H. Shiota,36,Japan,60,Omiya Ardija,€30K,€1K,1,30
M. Kurogi,27,Japan,60,Ventforet Kofu,€230K,€1K,1,230
S. Ito,28,Japan,60,Yokohama F. Marinos,€210K,€2K,2,210
Y. Çetin,20,Turkey,60,Gençlerbirliği SK,€290K,€2K,2,290
M. Al Wakid,25,Saudi Arabia,60,Al Hilal,€200K,€4K,4,200
M. Işık,20,Turkey,60,Medicana Sivasspor,€300K,€2K,2,300
Lee Eun Beom,21,Korea Republic,60,Jeju United FC,€300K,€1K,1,300
S. Mutlu,20,Turkey,60,Medicana Sivasspor,€290K,€2K,2,290
Park Jeong Su,23,Korea Republic,60,Yokohama F. Marinos,€220K,€1K,1,220
Kim Jin Ya,19,Korea Republic,60,Incheon United FC,€350K,€1K,1,350
Y. Ogawa,32,Japan,60,Albirex Niigata,€160K,€1K,1,160
Lim Seong Taek,28,Korea Republic,60,Sangju Sangmu FC,€210K,€1K,1,210
Jang Cheol Yong,21,Korea Republic,60,Pohang Steelers,€260K,€1K,1,260
Park Se Jin,21,Korea Republic,60,Daegu FC,€300K,€1K,1,300
F. Çakır,22,Turkey,60,İstanbul Başakşehir FK,€240K,€2K,2,240
S. Abdullah,28,Saudi Arabia,60,Ohod Club,€160K,€3K,3,160
Hong Joon Ho,23,Korea Republic,60,GwangJu FC,€260K,€1K,1,260
Kim Si Woo,20,Korea Republic,60,GwangJu FC,€450K,€1K,1,450
N. Al Dhafeeri,35,Saudi Arabia,60,Al Batin,€50K,€1K,1,50
B. Al Mutairi,27,Saudi Arabia,60,Al Batin,€170K,€2K,2,170
I. Zaid,27,Saudi Arabia,60,Al Faisaly,€170K,€3K,3,170
P. Kotal,23,India,60,"",€0,€0.00,0.00,0
F. Pekşen,21,Turkey,60,Evkur Yeni Malatyaspor,€325K,€2K,2,325
B. Al Baqi,27,Saudi Arabia,60,Al Ahli,€170K,€4K,4,170
S. Al Dosari,25,Saudi Arabia,60,Al Taawoun,€250K,€3K,3,250
O. Ökke,21,Turkey,60,Evkur Yeni Malatyaspor,€325K,€2K,2,325
Ryu Jae Moon,23,Korea Republic,60,Daegu FC,€325K,€1K,1,325
K. Inada,32,Japan,60,Albirex Niigata,€120K,€1K,1,120
M. Salem,31,Saudi Arabia,60,Al Shabab,€140K,€4K,4,140
T. Hirakawa,38,Japan,60,Urawa Red Diamonds,€70K,€1K,1,70
Kim Yeong Bin,25,Korea Republic,60,GwangJu FC,€230K,€1K,1,230
T. Okubo,27,Japan,60,F.C. Tokyo,€170K,€1K,1,170
J. Lalpekhlua,26,India,60,"",€0,€0.00,0.00,0
K. Koizumi,22,Japan,60,Albirex Niigata,€250K,€1K,1,250
T. Ogihara,25,Japan,60,Yokohama F. Marinos,€220K,€1K,1,220
Choi Bong Jin,25,Korea Republic,60,GwangJu FC,€200K,€1K,1,200
T. Imai,26,Japan,60,Kashiwa Reysol,€180K,€2K,2,180
Jeong YeongChong,25,Korea Republic,60,GwangJu FC,€260K,€1K,1,260
R. Al Shammari,20,Saudi Arabia,60,Al Shabab,€350K,€4K,4,350
M. Al Rashdi,26,Saudi Arabia,60,Al Raed,€220K,€3K,3,220
F. Zorba,19,Turkey,60,VfL Osnabrück,€400K,€1K,1,400
H. Özkan,19,Turkey,60,KV Oostende,€325K,€1K,1,325
T. Marutani,28,Japan,60,Sanfrecce Hiroshima,€190K,€2K,2,190
H. Bilgiç,24,Turkey,60,Medicana Sivasspor,€230K,€2K,2,230
Gao Zhunyi,21,China PR,60,"",€0,€0.00,0.00,0
R. Sharahili,24,Saudi Arabia,60,Al Fateh,€240K,€3K,3,240
M. Kouhyar,19,Afghanistan,60,Walsall,€450K,€1K,1,450
A. Köse,20,Turkey,60,Fenerbahçe SK,€400K,€7K,7,400
A. Al Hbeab,24,Saudi Arabia,60,Ettifaq FC,€260K,€2K,2,260
Hwang ByeongGeun,23,Korea Republic,60,Jeonbuk Hyundai Motors,€240K,€1K,1,240
Yeo Bong Hun,23,Korea Republic,60,GwangJu FC,€300K,€1K,1,300
H. Miyazawa,28,Japan,60,Hokkaido Consadole Sapporo,€210K,€1K,1,210
H. Goya,23,Japan,60,Gamba Osaka,€290K,€2K,2,290
H. Al Shamrani,20,Saudi Arabia,60,Al Ahli,€350K,€4K,4,350
G. Singh Sandhu,25,India,60,"",€0,€0.00,0.00,0
S. Ono,37,Japan,60,Hokkaido Consadole Sapporo,€70K,€1K,1,70
A. Koçaklı,18,Turkey,60,Alanyaspor,€325K,€1K,1,325
K. Itakura,20,Japan,60,Kawasaki Frontale,€290K,€1K,1,290
K. Yaşar,22,Turkey,60,Kasimpaşa SK,€210K,€1K,1,210
Ryang Yong Gi,35,Korea DPR,60,Vegalta Sendai,€90K,€1K,1,90
G. Al Shelali,23,Saudi Arabia,60,Al Ittihad,€250K,€4K,4,250
Deng Hanwen,22,China PR,60,"",€0,€0.00,0.00,0
A. Majrashi,19,Saudi Arabia,60,Al Ahli,€325K,€3K,3,325
O. Saraçoğlu,19,Turkey,60,İstanbul Başakşehir FK,€450K,€2K,2,450
T. Uzan,23,Turkey,60,Rot-Weiß Erfurt,€325K,€1K,1,325
F. Ghazi,23,Saudi Arabia,60,Al Shabab,€240K,€4K,4,240
M. Demir,19,Turkey,60,Hannover 96,€400K,€3K,3,400
Yoon Dong Min,28,Korea Republic,60,Sangju Sangmu FC,€210K,€1K,1,210
A. Razeek,22,Sri Lanka,60,Rot-Weiß Erfurt,€325K,€1K,1,325
A. Al Suwat,22,Saudi Arabia,60,Al Taawoun,€300K,€3K,3,300
H. Mitsumaru,23,Japan,60,Sagan Tosu,€220K,€1K,1,220
A. Al Fahad,25,Saudi Arabia,60,Al Fayha,€250K,€3K,3,250
R. Kurisawa,34,Japan,60,Kashiwa Reysol,€60K,€2K,2,60
K. Tagawa,18,Japan,59,Sagan Tosu,€250K,€1K,1,250
M. Al Khodary,25,Saudi Arabia,59,Al Batin,€170K,€2K,2,170
H. Yamamoto,37,Japan,59,Ventforet Kofu,€20K,€1K,1,20
T. Tsuda,36,Japan,59,Ventforet Kofu,€20K,€1K,1,20
K. Ikeda,30,Japan,59,Sagan Tosu,€150K,€1K,1,150
T. Tanaka,34,Japan,59,Albirex Niigata,€80K,€1K,1,80
Yoo Seung Min,18,Korea Republic,59,Jeonbuk Hyundai Motors,€250K,€1K,1,250
T. Nishimura,20,Japan,59,Vegalta Sendai,€260K,€1K,1,260
Park Won Jae,23,Korea Republic,59,Jeonbuk Hyundai Motors,€180K,€1K,1,180
A. Al Harbi,22,Saudi Arabia,59,Al Raed,€170K,€3K,3,170
O. Ayın,20,Turkey,59,Medicana Sivasspor,€250K,€2K,2,250
Han Ji Won,23,Korea Republic,59,Jeonnam Dragons,€180K,€1K,1,180
R. Hironaga,27,Japan,59,Sanfrecce Hiroshima,€120K,€1K,1,120
A. Al Bukhari,22,Saudi Arabia,59,Ettifaq FC,€190K,€2K,2,190
T. Sugiyama,36,Japan,59,Hokkaido Consadole Sapporo,€20K,€1K,1,20
K. Kinoshita,22,Japan,59,Halmstads BK,€220K,€1K,1,220
Hu Ruibao,20,China PR,59,SV Darmstadt 98,€210K,€2K,2,210
K. Pereira,29,India,59,"",€0,€0.00,0.00,0
D. Sugimoto,23,Japan,59,Yokohama F. Marinos,€150K,€1K,1,150
F. Yiğit,22,Turkey,59,Evkur Yeni Malatyaspor,€220K,€2K,2,220
S. Shimizu,24,Japan,59,Omiya Ardija,€210K,€1K,1,210
J. Singh,25,India,59,"",€0,€0.00,0.00,0
A. Al Saleh,27,Saudi Arabia,59,Ettifaq FC,€130K,€2K,2,130
M. Eid,24,Palestine,59,Kalmar FF,€220K,€1K,1,220
S. Mukhammad,27,Afghanistan,59,AFC Eskilstuna,€180K,€1K,1,180
K. Kirihata,30,Japan,59,Kashiwa Reysol,€100K,€1K,1,100
S. Al Mutairi,29,Saudi Arabia,59,Al Batin,€160K,€2K,2,160
H. Ide,23,Japan,59,Gamba Osaka,€240K,€2K,2,240
N. Al Muwallad,24,Saudi Arabia,59,Al Faisaly,€180K,€3K,3,180
S. Hirayama,32,Japan,59,Vegalta Sendai,€120K,€1K,1,120
Song Yoo Gul,32,Korea Republic,59,Gangwon FC,€90K,€1K,1,90
R. Bando,37,Japan,59,Omiya Ardija,€60K,€1K,1,60
B. Jairu,35,India,59,"",€0,€0.00,0.00,0
T. Al Shamali,27,Saudi Arabia,59,Al Raed,€160K,€3K,3,160
R. Al Hafizi,21,Saudi Arabia,59,Ohod Club,€220K,€2K,2,220
A. Falahen,24,Palestine,59,SC Fortuna Köln,€210K,€1K,1,210
W. Hashimoto,30,Japan,59,Vissel Kobe,€110K,€1K,1,110
K. Kitamoto,35,Japan,59,Vissel Kobe,€40K,€1K,1,40
K. Sugiyama,32,Japan,59,Shimizu S-Pulse,€90K,€1K,1,90
Y. Kawai,27,Japan,59,Shimizu S-Pulse,€160K,€1K,1,160
A. Al Aryani,21,Saudi Arabia,59,Al Ittihad,€260K,€5K,5,260
A. Al Dawsari,19,Saudi Arabia,59,Al Taawoun,€300K,€3K,3,300
J. Kinjo,20,Japan,59,Fortuna Düsseldorf,€350K,€3K,3,350
Y. Kimoto,23,Japan,59,Cerezo Osaka,€190K,€1K,1,190
T. Onozawa,19,Japan,59,Cerezo Osaka,€325K,€1K,1,325
Lee Jeong Bin,22,Korea Republic,59,Incheon United FC,€230K,€1K,1,230
A. Al Najjar,20,Saudi Arabia,59,Al Ittihad,€280K,€4K,4,280
R. Sawakami,23,Japan,59,Cerezo Osaka,€220K,€1K,1,220
N. Al Mousa,26,Saudi Arabia,59,Al Fateh,€160K,€4K,4,160
I. Oda,18,Japan,59,Kashima Antlers,€290K,€1K,1,290
A. Al Turki,23,Saudi Arabia,59,Al Taawoun,€210K,€3K,3,210
O. Bala,19,Turkey,59,İstanbul Başakşehir FK,€325K,€2K,2,325
S. Al Shammari,27,Saudi Arabia,58,Ohod Club,€100K,€3K,3,100
H. Oka,29,Japan,58,Ventforet Kofu,€100K,€1K,1,100
Kim Sung Ju,18,Korea Republic,58,Jeonnam Dragons,€230K,€1K,1,230
K. Nagato,22,Japan,58,Vegalta Sendai,€190K,€1K,1,190
Y. Fujita,34,Japan,58,Júbilo Iwata,€40K,€1K,1,40
A. Khongjee,29,India,58,"",€0,€0.00,0.00,0
Lee Joong Seo,22,Korea Republic,58,GwangJu FC,€200K,€1K,1,200
A. George,25,India,58,"",€0,€0.00,0.00,0
Kim Gyeong Jae,23,Korea Republic,58,Jeonnam Dragons,€160K,€1K,1,160
F. Al Habib,19,Saudi Arabia,58,Al Shabab,€140K,€1K,1,140
Lee Jae Hyeong,19,Korea Republic,58,Jeonbuk Hyundai Motors,€170K,€1K,1,170
K. Matsui,31,Japan,58,Omiya Ardija,€80K,€1K,1,80
D. Watabe,28,Japan,58,Omiya Ardija,€100K,€1K,1,100
R. Okui,27,Japan,58,Omiya Ardija,€100K,€1K,1,100
Y. Kurihara,33,Japan,58,Yokohama F. Marinos,€50K,€1K,1,50
O. Al Sunain,22,Saudi Arabia,58,Ettifaq FC,€180K,€2K,2,180
Park Yo Han,22,Korea Republic,58,Gangwon FC,€170K,€1K,1,170
S. Sasaki,27,Japan,58,Sanfrecce Hiroshima,€110K,€2K,2,110
O. Hawsawi,24,Saudi Arabia,58,Ohod Club,€130K,€2K,2,130
J. Al Shammari,25,Saudi Arabia,58,Al Batin,€140K,€2K,2,140
Y. Al Sawasan,27,Saudi Arabia,58,Al Batin,€100K,€2K,2,100
J. Al Dhafeeri,24,Saudi Arabia,58,Al Batin,€140K,€2K,2,140
B. Kavlak,20,Turkey,58,Evkur Yeni Malatyaspor,€190K,€2K,2,190
A. Fernandes,28,India,58,"",€0,€0.00,0.00,0
H. Narzary,23,India,58,"",€0,€0.00,0.00,0
S. Tomisawa,34,Japan,58,Albirex Niigata,€40K,€1K,1,40
V. Lux,28,Kyrgyzstan,58,SpVgg Unterhaching,€130K,€1K,1,130
K. Ogawa,19,Japan,58,Júbilo Iwata,€280K,€1K,1,280
T. Shimakawa,27,Japan,58,Ventforet Kofu,€120K,€1K,1,120
A. Al Megbas,21,Saudi Arabia,58,Al Shabab,€210K,€4K,4,210
A. Hazazi,23,Saudi Arabia,58,Ettifaq FC,€170K,€2K,2,170
T. Yanagi,19,Japan,58,F.C. Tokyo,€240K,€1K,1,240
A. Mondal,27,India,58,"",€0,€0.00,0.00,0
H. Emiroğlu,20,Turkey,58,Alanyaspor,€250K,€2K,2,250
T. Hiraoka,21,Japan,58,F.C. Tokyo,€200K,€1K,1,200
H. Algeed,19,Saudi Arabia,58,Al Shabab,€240K,€3K,3,240
M. Sevimler,18,Turkey,58,Alanyaspor,€260K,€1K,1,260
S. Mandash,22,Saudi Arabia,58,Al Faisaly,€200K,€3K,3,200
I. Güven,23,Turkey,58,Atiker Konyaspor,€170K,€2K,2,170
H. Barış,23,Turkey,58,Göztepe,€150K,€2K,2,150
F. Bin Jamayah,22,Saudi Arabia,58,Al Nassr,€200K,€5K,5,200
M. Kula,22,Turkey,58,Kasimpaşa SK,€150K,€2K,2,150
T. Demirtaş,23,Turkey,58,Gençlerbirliği SK,€130K,€2K,2,130
Y. Matsushita,23,Japan,58,Vissel Kobe,€200K,€1K,1,200
M. Majrashi,26,Saudi Arabia,58,Al Faisaly,€140K,€4K,4,140
A. Al Shammary,21,Saudi Arabia,58,Al Batin,€220K,€4K,4,220
S. Otayf,26,Saudi Arabia,58,Al Raed,€150K,€3K,3,150
Yoo Han Sol,19,Korea Republic,58,Suwon Samsung Bluewings,€180K,€1K,1,180
R. Borges,25,India,58,"",€0,€0.00,0.00,0
K. Ishikawa,24,Japan,57,Vegalta Sendai,€100K,€1K,1,100
H. Yılmaz,19,Turkey,57,Antalyaspor,€190K,€2K,2,190
A. Al Suhail,28,Saudi Arabia,57,Al Taawoun,€100K,€3K,3,100
N. Das,23,India,57,"",€0,€0.00,0.00,0
S. Kumagai,20,Japan,57,Ventforet Kofu,€180K,€1K,1,180
M. Al Baqawi,21,Saudi Arabia,57,Al Fayha,€160K,€4K,4,160
K. Akca,23,Turkey,57,Fortuna Düsseldorf,€140K,€3K,3,140
K. Fujimura,23,Japan,57,Vegalta Sendai,€140K,€1K,1,140
T. Hashiguchi,22,Japan,57,Kashiwa Reysol,€120K,€2K,2,120
S. Al Ghamdi,25,Saudi Arabia,57,Al Taawoun,€100K,€2K,2,100
O. Al Khalaf,20,Saudi Arabia,57,Ettifaq FC,€180K,€2K,2,180
K. Mori,20,Japan,57,Ventforet Kofu,€230K,€1K,1,230
S. Tanabe,27,Japan,57,F.C. Tokyo,€90K,€2K,2,90
M. Harzan,28,Saudi Arabia,57,Ohod Club,€100K,€3K,3,100
Y. Horigome,24,Japan,57,Ventforet Kofu,€130K,€1K,1,130
L. Al Rashdi,22,Saudi Arabia,57,Ettifaq FC,€120K,€2K,2,120
F. Canlı,20,Turkey,57,Evkur Yeni Malatyaspor,€170K,€2K,2,170
M. Al Shahrani,21,Saudi Arabia,57,Al Nassr,€150K,€4K,4,150
A. Al Joui,22,Saudi Arabia,57,Al Batin,€180K,€2K,2,180
Y. Khormi,19,Saudi Arabia,57,Al Ittihad,€190K,€3K,3,190
A. Al Yahya,28,Saudi Arabia,57,Ohod Club,€110K,€4K,4,110
R. Suzuki,23,Japan,57,Gamba Osaka,€100K,€1K,1,100
A. Al Shammari,23,Saudi Arabia,57,Al Taawoun,€120K,€3K,3,120
F. Hayakawa,23,Japan,57,Albirex Niigata,€120K,€1K,1,120
Y. Ito,24,Japan,57,Albirex Niigata,€130K,€1K,1,130
N. Sakai,24,Japan,57,Albirex Niigata,€110K,€1K,1,110
M. Najjar,22,Saudi Arabia,57,Al Qadisiyah,€170K,€2K,2,170
O. Kolak,20,Turkey,57,Antalyaspor,€160K,€2K,2,160
Kim Moo Gun,20,Korea Republic,57,Jeju United FC,€160K,€1K,1,160
R. Öktem,20,Turkey,57,Alanyaspor,€180K,€2K,2,180
Yu In Soo,22,Korea Republic,57,F.C. Tokyo,€150K,€2K,2,150
Y. Mersin,22,Turkey,57,Crawley Town,€110K,€1K,1,110
O. Güçtekin,18,Turkey,57,Fenerbahçe SK,€190K,€4K,4,190
Jong Il Gwan,24,Korea DPR,57,FC Luzern,€140K,€2K,2,140
S. Takahashi,21,Japan,57,Sanfrecce Hiroshima,€140K,€1K,1,140
D. Suga,18,Japan,57,Hokkaido Consadole Sapporo,€220K,€1K,1,220
T. Iida,22,Japan,57,Shimizu S-Pulse,€120K,€1K,1,120
Ahn Joong Geun,23,Korea Republic,57,Gangwon FC,€140K,€1K,1,140
Kim Dong Gi,28,Korea Republic,57,Pohang Steelers,€110K,€2K,2,110
Park Yi-Young,23,Korea Republic,57,FC St. Pauli,€140K,€2K,2,140
A. Samizadeh,18,Iran,57,Kilmarnock,€220K,€1K,1,220
M. Yandaş,22,Turkey,57,Medicana Sivasspor,€150K,€2K,2,150
A. Ba Masoud,21,Saudi Arabia,57,Al Fayha,€180K,€4K,4,180
I. Al Shehri,21,Saudi Arabia,57,Al Ittihad,€170K,€4K,4,170
Jung Seung Yong,26,Korea Republic,57,Gangwon FC,€100K,€1K,1,100
V. Karakuş,19,Turkey,57,Kayserispor,€180K,€1K,1,180
N. Al Shenashini,21,Saudi Arabia,57,Al Nassr,€180K,€4K,4,180
D. Barlaser,20,Turkey,57,Newcastle United,€230K,€6K,6,230
K. Al Muwallad,22,Saudi Arabia,57,Ohod Club,€130K,€3K,3,130
M. Al Haidari,21,Saudi Arabia,57,Al Hilal,€130K,€3K,3,130
T. Fukumitsu,25,Japan,57,Cerezo Osaka,€110K,€1K,1,110
T. Kishimoto,19,Japan,57,Cerezo Osaka,€220K,€1K,1,220
T. Akahoshi,33,Japan,57,Sagan Tosu,€50K,€1K,1,50
T. Muramatsu,27,Japan,57,Shimizu S-Pulse,€90K,€1K,1,90
T. Sufyani,25,Saudi Arabia,57,Ettifaq FC,€130K,€3K,3,130
K. Okanishi,26,Japan,56,Ventforet Kofu,€80K,€1K,1,80
Jo Yong Jae,19,Korea Republic,56,Daegu FC,€160K,€1K,1,160
A. Al Amoudi,30,Saudi Arabia,56,Ohod Club,€90K,€3K,3,90
Y. Kato,19,Japan,56,Omiya Ardija,€160K,€1K,1,160
Lee Myeong Geon,22,Korea Republic,56,Pohang Steelers,€110K,€1K,1,110
T. Nozawa,35,Japan,56,Vegalta Sendai,€40K,€1K,1,40
S. Kawamata,27,Japan,56,Kashima Antlers,€60K,€1K,1,60
T. Al Khudair,29,Saudi Arabia,56,Al Ittihad,€90K,€5K,5,90
K. Chinen,22,Japan,56,Kawasaki Frontale,€130K,€1K,1,130
H. Al Watyan,20,Saudi Arabia,56,Al Fateh,€130K,€2K,2,130
H. Nakabayashi,31,Japan,56,Sanfrecce Hiroshima,€50K,€1K,1,50
R. Takano,22,Japan,56,Ventforet Kofu,€90K,€1K,1,90
M. Al Mutlaq,19,Saudi Arabia,56,Al Nassr,€170K,€3K,3,170
R. Watanabe,20,Japan,56,FC Ingolstadt 04,€200K,€3K,3,200
W. Sasaki,20,Japan,56,F.C. Tokyo,€150K,€1K,1,150
Eun Seong Soo,24,Korea Republic,56,Suwon Samsung Bluewings,€110K,€1K,1,110
M. Al Huthaifi,19,Saudi Arabia,56,Al Ittihad,€160K,€3K,3,160
J. Kanayama,29,Japan,56,Hokkaido Consadole Sapporo,€60K,€1K,1,60
K. Fukai,22,Japan,56,Hokkaido Consadole Sapporo,€110K,€1K,1,110
K. Ichimi,19,Japan,56,Gamba Osaka,€200K,€1K,1,200
Y. Uekusa,34,Japan,56,Shimizu S-Pulse,€40K,€1K,1,40
T. Koga,18,Japan,56,Kashiwa Reysol,€130K,€1K,1,130
K. Oshima,21,Japan,56,Kashiwa Reysol,€160K,€2K,2,160
S. Takahashi,25,Japan,56,Júbilo Iwata,€100K,€1K,1,100
M. Yamada,22,Japan,56,F.C. Tokyo,€110K,€1K,1,110
T. Tarcan,19,Turkey,56,Sint-Truidense VV,€140K,€1K,1,140
M. Al Olayan,22,Saudi Arabia,56,Al Taawoun,€110K,€3K,3,110
O. Iyoha,19,Japan,56,Sanfrecce Hiroshima,€180K,€1K,1,180
M. Asiri,24,Saudi Arabia,56,Al Qadisiyah,€80K,€2K,2,80
M. İnan,17,Turkey,56,Antalyaspor,€180K,€2K,2,180
Kim Tae Ho,25,Korea Republic,56,Jeonbuk Hyundai Motors,€90K,€1K,1,90
T. Abdullah,21,Saudi Arabia,56,Al Ittihad,€140K,€4K,4,140
M. Okino,20,Japan,56,Cerezo Osaka,€200K,€1K,1,200
W. Al Enazi,20,Saudi Arabia,56,Al Nassr,€110K,€3K,3,110
A. Al Salman,23,Saudi Arabia,56,Al Taawoun,€120K,€3K,3,120
D. Ogawa,25,Japan,56,Júbilo Iwata,€90K,€1K,1,90
T. Ominami,19,Japan,55,Júbilo Iwata,€170K,€1K,1,170
M. Rafique,24,India,55,"",€0,€0.00,0.00,0
Choe Song Hyok,19,Korea DPR,55,Perugia,€190K,€1K,1,190
S. Hawsawi,25,Saudi Arabia,55,Al Taawoun,€100K,€3K,3,100
K. Ishihara,38,Japan,55,Ventforet Kofu,€30K,€1K,1,30
Hwang In Hyeok,22,Korea Republic,55,GwangJu FC,€110K,€1K,1,110
B. Al Nakhli,28,Saudi Arabia,55,Ohod Club,€90K,€3K,3,90
A. Al Meshaweh,21,Saudi Arabia,55,Al Raed,€110K,€2K,2,110
Jeong Ho Min,23,Korea Republic,55,GwangJu FC,€110K,€1K,1,110
M. Asiri,25,Saudi Arabia,55,Ohod Club,€100K,€3K,3,100
A. Al Assiri,28,Saudi Arabia,55,Ohod Club,€70K,€3K,3,70
M. Karaahmet,17,Turkey,55,Karlsruher SC,€180K,€1K,1,180
Y. Nogami,26,Japan,55,Sanfrecce Hiroshima,€90K,€2K,2,90
A. Dannah,23,Saudi Arabia,55,Al Fateh,€120K,€3K,3,120
M. Kanabah,24,Saudi Arabia,55,Al Batin,€120K,€2K,2,120
S. Kanazawa,33,Japan,55,Omiya Ardija,€40K,€1K,1,40
K. Wakasugi,21,Japan,55,Ventforet Kofu,€130K,€1K,1,130
F. Gürden,18,Turkey,55,Evkur Yeni Malatyaspor,€160K,€1K,1,160
N. Maeda,22,Japan,55,Yokohama F. Marinos,€120K,€1K,1,120
H. Ishikawa,18,Japan,55,Sagan Tosu,€120K,€1K,1,120
E. Selen,22,Turkey,55,Evkur Yeni Malatyaspor,€110K,€1K,1,110
F. Bin Munyif,23,Saudi Arabia,55,Al Faisaly,€90K,€3K,3,90
D. Araki,23,Japan,55,Júbilo Iwata,€110K,€1K,1,110
H. Takimoto,20,Japan,55,Kashiwa Reysol,€160K,€1K,1,160
R. Uehara,20,Japan,55,Júbilo Iwata,€190K,€1K,1,190
A. Al Mutairi,21,Saudi Arabia,55,Al Batin,€140K,€2K,2,140
O. Bugiel,23,Lebanon,55,Forest Green,€130K,€2K,2,130
S. Singh,25,India,55,"",€0,€0.00,0.00,0
A. Edathodika,30,India,55,"",€0,€0.00,0.00,0
A. Al Shehri,23,Saudi Arabia,55,Ettifaq FC,€130K,€2K,2,130
N. Al Mutairi,29,Saudi Arabia,55,Al Batin,€90K,€2K,2,90
S. Naruoka,33,Japan,55,Albirex Niigata,€50K,€1K,1,50
K. Kakoi,26,Japan,55,Cerezo Osaka,€70K,€1K,1,70
A. Alkhaibari,20,Saudi Arabia,55,Al Shabab,€130K,€3K,3,130
C. Kahraman,18,Turkey,55,1. FC Union Berlin,€180K,€3K,3,180
N. Ishikawa,36,Japan,55,F.C. Tokyo,€30K,€1K,1,30
T. Tanaka,19,Japan,55,Kashima Antlers,€190K,€1K,1,190
H. Fukushima,24,Japan,55,Urawa Red Diamonds,€90K,€1K,1,90
Yun Pyeong Gook,25,Korea Republic,55,GwangJu FC,€80K,€1K,1,80
Ahn Sang Min,22,Korea Republic,55,Gangwon FC,€130K,€1K,1,130
H. Noda,19,Japan,55,Gamba Osaka,€170K,€1K,1,170
Y. Tatsuta,19,Japan,55,Shimizu S-Pulse,€170K,€1K,1,170
M. Attiyah,25,Saudi Arabia,55,Ohod Club,€120K,€3K,3,120
A. Fukumori,24,Japan,55,Hokkaido Consadole Sapporo,€100K,€1K,1,100
Kim Jong Seok,22,Korea Republic,55,Pohang Steelers,€140K,€2K,2,140
K. Tanno,31,Japan,55,Cerezo Osaka,€50K,€1K,1,50
R. Al Mousa,22,Saudi Arabia,55,Al Taawoun,€130K,€5K,5,130
Ahn Joon Soo,19,Korea Republic,55,Cerezo Osaka,€160K,€1K,1,160
A. Al Amri,22,Saudi Arabia,55,Al Ittihad,€90K,€3K,3,90
A. Al Sharid,23,Saudi Arabia,55,Al Taawoun,€110K,€3K,3,110
Kim Dong Su,22,Korea Republic,54,Omiya Ardija,€90K,€1K,1,90
J. Al Dossary,23,Saudi Arabia,54,Al Faisaly,€80K,€2K,2,80
Kim Jeong Hyeon,24,Korea Republic,54,GwangJu FC,€90K,€1K,1,90
D. Sato,22,Philippines,54,AC Horsens,€90K,€1K,1,90
T. Oya,30,Japan,54,Omiya Ardija,€50K,€1K,1,50
N. Kawaguchi,23,Japan,54,Albirex Niigata,€80K,€1K,1,80
S. Al Saleh,25,Saudi Arabia,54,Al Qadisiyah,€60K,€1K,1,60
R. Isomura,26,Japan,54,Albirex Niigata,€70K,€1K,1,70
K. Oyama,22,Japan,54,Omiya Ardija,€100K,€1K,1,100
M. Al Majhad,18,Saudi Arabia,54,Al Fateh,€110K,€2K,2,110
O. Ashoor,28,Saudi Arabia,54,Ohod Club,€50K,€3K,3,50
Y. Koide,22,Japan,54,Ventforet Kofu,€80K,€1K,1,80
K. Singh,31,India,54,"",€0,€0.00,0.00,0
A. Al Enazi,22,Saudi Arabia,54,Ohod Club,€80K,€2K,2,80
W. Popp,22,Japan,54,Kawasaki Frontale,€70K,€1K,1,70
M. Naji,23,Saudi Arabia,54,Ohod Club,€90K,€2K,2,90
A. Fantini,19,Japan,54,Sagan Tosu,€120K,€1K,1,120
A. Awaji,23,Saudi Arabia,54,Al Faisaly,€90K,€3K,3,90
A. Al Zahrani,23,Saudi Arabia,54,Al Raed,€70K,€2K,2,70
F. Al Harbi,21,Saudi Arabia,54,Al Raed,€110K,€2K,2,110
H. Dhaifallah,23,Saudi Arabia,54,Al Raed,€100K,€2K,2,100
M. Al Johani,22,Saudi Arabia,54,Ohod Club,€110K,€3K,3,110
D. Lalhlimpuia,19,India,54,"",€0,€0.00,0.00,0
T. Hara,18,Japan,54,Albirex Niigata,€140K,€1K,1,140
G. Singh,21,India,54,"",€0,€0.00,0.00,0
Dai Wai-Tsun,17,Hong Kong,54,Bury,€130K,€1K,1,130
A. Al Najai,22,Saudi Arabia,54,Al Faisaly,€80K,€2K,2,80
A. Takagi,19,Japan,54,Gamba Osaka,€150K,€1K,1,150
S. Al Nabit,21,Saudi Arabia,54,Ohod Club,€100K,€2K,2,100
M. Sakamoto,21,Japan,54,Cerezo Osaka,€120K,€1K,1,120
M. Al Mufarrij,20,Saudi Arabia,54,Al Hilal,€90K,€3K,3,90
M. Nishimoto,21,Japan,54,Cerezo Osaka,€110K,€1K,1,110
S. Fujitani,19,Japan,54,Vissel Kobe,€100K,€1K,1,100
A. Al Shahrani,23,Saudi Arabia,53,Al Qadisiyah,€80K,€2K,2,80
M. Kojima,19,Japan,53,Vegalta Sendai,€90K,€1K,1,90
F. Cardozo,29,India,53,"",€0,€0.00,0.00,0
Ha Chang Rae,22,Korea Republic,53,Incheon United FC,€70K,€1K,1,70
A. Majrashi,21,Saudi Arabia,53,Ettifaq FC,€80K,€1K,1,80
M. Al Najrani,23,Saudi Arabia,53,Al Qadisiyah,€80K,€2K,2,80
Ci Tian,20,China PR,53,Werder Bremen II,€110K,€1K,1,110
Lim Dae Joon,23,Korea Republic,53,GwangJu FC,€90K,€1K,1,90
A. Al Shehry,21,Saudi Arabia,53,Al Qadisiyah,€60K,€1K,1,60
M. Al Khaibari,20,Saudi Arabia,53,Ohod Club,€100K,€2K,2,100
O. Al Saleem,20,Saudi Arabia,53,Ettifaq FC,€100K,€1K,1,100
K. Yoshimaru,21,Japan,53,Vissel Kobe,€60K,€1K,1,60
I. Al Subaie,30,Saudi Arabia,53,Ohod Club,€40K,€2K,2,40
Y. Suzuki,18,Japan,53,F.C. Tokyo,€120K,€1K,1,120
H. Al Nakhli,22,Saudi Arabia,53,Al Fateh,€90K,€3K,3,90
W. Jakkit,20,Thailand,53,F.C. Tokyo,€130K,€1K,1,130
K. Takayama,20,Japan,53,Omiya Ardija,€90K,€1K,1,90
M. Al Maqadi,28,Saudi Arabia,53,Ettifaq FC,€60K,€2K,2,60
Lee Jung Jin,23,Korea Republic,53,Gangwon FC,€80K,€1K,1,80
K. Yoshio,19,Japan,53,Yokohama F. Marinos,€80K,€1K,1,80
K. Al Muqaytib,25,Saudi Arabia,53,Al Raed,€60K,€2K,2,60
N. Al Anazi,28,Saudi Arabia,53,Al Batin,€50K,€1K,1,50
R. Miura,25,Japan,53,Júbilo Iwata,€50K,€1K,1,50
M. Matsumoto,22,Japan,53,Júbilo Iwata,€90K,€1K,1,90
Kim Yong Jin,24,Korea Republic,53,Ulsan Hyundai Horang-i,€80K,€1K,1,80
G. Hayama,24,Japan,53,Albirex Niigata,€80K,€1K,1,80
Lee Hyun Woo,23,Korea Republic,53,Daegu FC,€70K,€1K,1,70
I. Ünal,19,Turkey,53,Alanyaspor,€90K,€1K,1,90
A. Al Qasir,24,Saudi Arabia,53,Al Raed,€70K,€3K,3,70
Y. Horigome,22,Japan,53,Albirex Niigata,€70K,€1K,1,70
S. Hirao,21,Japan,53,Gamba Osaka,€100K,€1K,1,100
T. Takagiwa,22,Japan,53,Shimizu S-Pulse,€70K,€1K,1,70
D. Matsuzaka,19,Japan,53,Southend United,€100K,€1K,1,100
H. Al Jasim,22,Saudi Arabia,53,Al Fateh,€80K,€3K,3,80
Lee Yun Oh,18,Korea Republic,53,Vegalta Sendai,€50K,€1K,1,50
A. Al Obud,22,Saudi Arabia,53,Ettifaq FC,€100K,€2K,2,100
N. Hatta,31,Japan,53,Júbilo Iwata,€40K,€1K,1,40
A. Yiğiter,17,Turkey,53,Fenerbahçe SK,€100K,€2K,2,100
C. Singh,20,India,52,"",€0,€0.00,0.00,0
A. Singh,24,India,52,"",€0,€0.00,0.00,0
Jeong Seung Won,20,Korea Republic,52,Daegu FC,€100K,€1K,1,100
I. Al Shuayl,22,Saudi Arabia,52,Al Qadisiyah,€70K,€2K,2,70
S. Passi,22,India,52,"",€0,€0.00,0.00,0
K. Al Hamdhi,25,Saudi Arabia,52,Ettifaq FC,€60K,€2K,2,60
H. Abdulmajeed,23,Saudi Arabia,52,Ohod Club,€50K,€2K,2,50
H. Al Khulaif,21,Saudi Arabia,52,Al Fateh,€70K,€2K,2,70
M. Yıldız,21,Turkey,52,Medicana Sivasspor,€60K,€1K,1,60
A. Suzuki,30,Japan,52,Yokohama F. Marinos,€30K,€1K,1,30
G. Kawanami,26,Japan,52,Albirex Niigata,€50K,€1K,1,50
I. Homma,36,Japan,52,Albirex Niigata,€10K,€1K,1,10
G. Harada,19,Japan,52,Yokohama F. Marinos,€90K,€1K,1,90
A. Al Shammari,21,Saudi Arabia,52,Al Batin,€70K,€1K,1,70
M. Al Mutairi,25,Saudi Arabia,52,Al Batin,€50K,€2K,2,50
A. Al Haidari,20,Saudi Arabia,52,Ohod Club,€60K,€2K,2,60
N. Bellikli,18,Turkey,52,AFC Wimbledon,€80K,€1K,1,80
K. Kubota,20,Japan,52,Kashima Antlers,€90K,€1K,1,90
R. Kawai,38,Japan,52,Hokkaido Consadole Sapporo,€10K,€1K,1,10
K. Ishii,31,Japan,52,Hokkaido Consadole Sapporo,€40K,€1K,1,40
N. Senoo,20,Japan,52,Gamba Osaka,€90K,€1K,1,90
Y. Nishibe,36,Japan,52,Shimizu S-Pulse,€10K,€1K,1,10
A. Al Yousif,19,Saudi Arabia,52,Al Fateh,€70K,€2K,2,70
Y. Al Sayyah,21,Saudi Arabia,52,Al Taawoun,€60K,€1K,1,60
H. Hawsawi,20,Saudi Arabia,52,Al Fayha,€90K,€1K,1,90
A. Al Basisi,39,Saudi Arabia,52,Ohod Club,€0,€1K,1,0
A. Al Eid,19,Saudi Arabia,52,Al Fateh,€110K,€2K,2,110
M. Al Zubaidi,19,Saudi Arabia,52,Ettifaq FC,€70K,€1K,1,70
S. Al Khayri,22,Saudi Arabia,52,Ettifaq FC,€70K,€2K,2,70
Kim Hyun Tae,22,Korea Republic,51,Jeonnam Dragons,€40K,€1K,1,40
S. Tsuji,19,Japan,51,Sagan Tosu,€70K,€1K,1,70
K. Shiihashi,20,Japan,51,Vegalta Sendai,€40K,€1K,1,40
H. Al Mansour,24,Saudi Arabia,51,Al Faisaly,€50K,€3K,3,50
R. Yamada,19,Japan,51,Omiya Ardija,€70K,€1K,1,70
R. Meshino,19,Japan,51,Gamba Osaka,€70K,€1K,1,70
H. Sharahili,24,Saudi Arabia,51,Al Batin,€50K,€2K,2,50
K. Al Mozaibri,26,Saudi Arabia,51,Al Batin,€30K,€1K,1,30
T. Harigaya,18,Japan,51,Júbilo Iwata,€80K,€1K,1,80
S. Mitsuzaki,19,Japan,51,Shimizu S-Pulse,€70K,€1K,1,70
H. Al Radhi,23,Saudi Arabia,51,Al Fateh,€40K,€3K,3,40
D. Akiyama,22,Japan,51,Cerezo Osaka,€50K,€1K,1,50
J. Higashi,19,Japan,51,Vissel Kobe,€70K,€1K,1,70
K. Tokushige,33,Japan,51,Vissel Kobe,€20K,€1K,1,20
Z. Al Haniti,20,Saudi Arabia,50,Ohod Club,€40K,€2K,2,40
Park Hyeong Min,23,Korea Republic,50,GwangJu FC,€30K,€1K,1,30
A. Kawazura,23,Japan,50,Omiya Ardija,€30K,€1K,1,30
D. Maekawa,22,Japan,50,Vissel Kobe,€30K,€1K,1,30
F. Al Johani,24,Saudi Arabia,50,Ohod Club,€30K,€2K,2,30
T. Uchida,19,Japan,50,F.C. Tokyo,€60K,€1K,1,60
A. Kurokawa,19,Japan,50,Omiya Ardija,€60K,€1K,1,60
S. Al Amrani,23,Saudi Arabia,50,Al Raed,€40K,€2K,2,40
O. Al Suhaymi,24,Saudi Arabia,50,Al Faisaly,€30K,€2K,2,30
S. Yomesaka,20,Japan,50,Gamba Osaka,€60K,€1K,1,60
S. Yamaguchi,21,Japan,50,Vissel Kobe,€40K,€1K,1,40
M. Al Saeed,20,Saudi Arabia,50,Al Fateh,€50K,€3K,3,50
N. Husin,20,Afghanistan,50,Crystal Palace,€60K,€4K,4,60
G. Sakai,21,Japan,49,Albirex Niigata,€50K,€1K,1,50
M. Al Baqawi,19,Saudi Arabia,49,Al Taawoun,€50K,€1K,1,50
S. Uehara,30,Japan,49,Hokkaido Consadole Sapporo,€20K,€1K,1,20
H. Mae,21,Japan,49,Hokkaido Consadole Sapporo,€30K,€1K,1,30
H. Tanaka,34,Japan,49,Vissel Kobe,€10K,€1K,1,10
T. Matsumoto,18,Japan,49,Sanfrecce Hiroshima,€60K,€1K,1,60
Y. Uchimura,32,Japan,48,Hokkaido Consadole Sapporo,€20K,€1K,1,20
K. Fujikawa,18,Japan,47,Júbilo Iwata,€60K,€1K,1,60
