K. Navas,30,Costa Rica,85,Real Madrid CF,€24.5M,€165K
J. Hernández,29,Mexico,82,West Ham United,€22M,€135K
C. Vela,28,Mexico,82,Real Sociedad,€22.5M,€46K
J. Corona,24,Mexico,81,FC Porto,€23M,€17K
J. Brooks,24,United States,80,VfL Wolfsburg,€17M,€57K
H. Moreno,29,Mexico,80,Roma,€11.5M,€71K
A. Guardado,30,Mexico,80,Real Betis Balompié,€13.5M,€32K
J. dos Santos,27,Mexico,80,LA Galaxy,€16.5M,€13K
A. Hutchinson,34,Canada,80,Beşiktaş JK,€4.5M,€56K
M. Fabián,27,Mexico,79,Eintracht Frankfurt,€13M,€38K
F. Johnson,29,United States,79,Borussia Mönchengladbach,€12.5M,€48K
G. dos Santos,28,Mexico,79,LA Galaxy,€13M,€15K
H. Herrera,27,Mexico,79,FC Porto,€14M,€19K
G. Ochoa,31,Mexico,79,Standard de Liège,€7.5M,€18K
C. Pulisic,18,United States,78,Borussia Dortmund,€16.5M,€31K
H. Lozano,21,Mexico,78,PSV,€14.5M,€17K
R. Jiménez,26,Mexico,78,SL Benfica,€12.5M,€16K
T. Howard,38,United States,78,Colorado Rapids,€700K,€5K
M. Layún,29,Mexico,78,FC Porto,€8M,€15K
C. Pulisic,18,United States,78,Borussia Dortmund,€16.5M,€31K
M. Bradley,29,United States,78,Toronto FC,€8M,€10K
C. Dempsey,34,United States,78,Seattle Sounders FC,€5M,€11K
D. Reyes,24,Mexico,77,FC Porto,€10M,€13K
O. Duarte,28,Costa Rica,77,RCD Espanyol,€7M,€30K
B. Ruíz,31,Costa Rica,77,Sporting CP,€8M,€19K
J. Aquino,27,Mexico,77,Tigres U.A.N.L.,€9.5M,€65K
J. Campbell,25,Costa Rica,77,Real Betis Balompié,€11M,€92K
W. Morgan,33,Jamaica,77,Leicester City,€3.6M,€62K
E. Hernández,29,Mexico,77,Club León,€8.5M,€36K
O. Alonso,31,Cuba,77,Seattle Sounders FC,€6M,€10K
L. Bailey,19,Jamaica,76,Bayer 04 Leverkusen,€12M,€29K
G. Cameron,31,United States,76,Stoke City,€5M,€62K
T. Chandler,27,United States,76,Eintracht Frankfurt,€7M,€29K
O. Peralta,33,Mexico,76,Club América,€4.8M,€63K
J. Damm,24,Mexico,76,Tigres U.A.N.L.,€10M,€56K
L. Nguyen,30,United States,76,New England Revolution,€7.5M,€11K
J. Altidore,27,United States,76,Toronto FC,€8M,€12K
P. Aguilar,31,Mexico,76,Club América,€5M,€53K
E. Gutiérrez,22,Mexico,76,Pachuca,€11M,€30K
Mariano,23,Dominican Republic,76,Olympique Lyonnais,€10.5M,€59K
J. Vázquez,29,Mexico,76,Guadalajara,€6M,€55K
J. Orozco,31,Mexico,76,Santos Laguna,€4.7M,€19K
J. Corona,36,Mexico,76,Cruz Azul,€1M,€17K
J. Hernández,28,Mexico,75,Pachuca,€6M,€28K
B. Feilhaber,32,United States,75,Sporting Kansas City,€5M,€9K
O. Pineda,21,Mexico,75,Guadalajara,€10M,€38K
R. Pizarro,23,Mexico,75,Guadalajara,€9M,€42K
D. Nagbe,26,United States,75,Portland Timbers,€7M,€9K
A. Blake,26,Jamaica,75,Philadelphia Union,€6.5M,€7K
J. Dueñas,28,Mexico,75,Tigres U.A.N.L.,€5.5M,€52K
H. Ayala,30,Mexico,75,Tigres U.A.N.L.,€4.9M,€50K
A. Pulido,26,Mexico,75,Guadalajara,€8M,€53K
B. Wood,24,United States,75,Hamburger SV,€9.5M,€31K
I. Brizuela,26,Mexico,75,Guadalajara,€7M,€48K
S. Kljestan,31,United States,75,New York Red Bulls,€6M,€9K
G. González,29,Costa Rica,75,Bologna,€5M,€44K
J. Molina,29,Mexico,74,Monterrey,€4.4M,€46K
N. Araujo,25,Mexico,74,Santos Laguna,€6M,€19K
A. Najar,24,Honduras,74,RSC Anderlecht,€6M,€18K
M. Besler,30,United States,74,Sporting Kansas City,€4.2M,€8K
M. Hedges,27,United States,74,FC Dallas,€4.7M,€8K
B. Hamid,26,United States,74,D.C. United,€4.9M,€7K
C. Montes,20,Mexico,74,Monterrey,€7M,€34K
I. Opara,28,United States,74,Sporting Kansas City,€5M,€9K
O. Gonzalez,28,United States,74,Pachuca,€4.6M,€28K
C. Salcedo,23,Mexico,74,Eintracht Frankfurt,€6.5M,€38K
A. Ríos,28,Mexico,74,Deportivo Toluca,€4.6M,€17K
A. Bedoya,30,United States,74,Philadelphia Union,€5M,€9K
D. McCarty,30,United States,74,Chicago Fire Soccer Club,€4.2M,€8K
K. Waston,29,Costa Rica,74,Vancouver Whitecaps FC,€4.4M,€9K
R. Cota,29,Mexico,74,Guadalajara,€3.8M,€23K
K. Molino,27,Trinidad & Tobago,74,Minnesota Thunder,€6.5M,€9K
M. Miazga,21,United States,73,Vitesse,€5.5M,€60K
K. Saief,23,United States,73,KAA Gent,€5.5M,€19K
L. Fuentes,30,Mexico,73,Monterrey,€2.9M,€20K
J. Pereira,30,Mexico,73,Guadalajara,€3M,€44K
M. Fraga,29,Mexico,73,Club Atlas,€2.7M,€17K
H. González,26,Mexico,73,Monterrey,€3.5M,€36K
W. Zimmerman,24,United States,73,FC Dallas,€4.5M,€7K
S. Arfield,28,Canada,73,Burnley,€4M,€51K
A. González,22,Mexico,73,Monterrey,€5.5M,€42K
B. Guzan,32,United States,73,Atlanta United FC,€2.3M,€7K
Tano Bonnin,27,Dominican Republic,73,CA Osasuna,€3.9M,€10K
A. Lozano,24,Honduras,73,FC Barcelona B,€5.5M,€9K
J. Jones,35,United States,73,LA Galaxy,€1.7M,€7K
C. Larin,22,Canada,73,Orlando City Soccer Club,€6M,€9K
G. McCleary,30,Jamaica,73,Reading,€3.8M,€37K
D. Dwyer,26,United States,73,Orlando City Soccer Club,€4.8M,€10K
D. Yedlin,23,United States,73,Newcastle United,€4.7M,€45K
T. Melia,31,United States,72,Sporting Kansas City,€1.9M,€5K
K. Beckerman,35,United States,72,Real Salt Lake,€725K,€4K
A. Jóhannsson,26,United States,72,SV Werder Bremen,€3.9M,€21K
J. Louis,24,Haiti,72,SM Caen,€4.2M,€14K
J. Hoilett,27,Canada,72,Cardiff City,€3.3M,€21K
C. Marshall,32,United States,72,Seattle Sounders FC,€1.8M,€6K
E. Hernández,30,Mexico,72,Guadalajara,€2.2M,€32K
J. Spector,31,United States,72,Orlando City Soccer Club,€2.1M,€6K
L. Reyes,26,Mexico,72,Club Atlas,€3.2M,€14K
R. Jérez,31,Guatemala,72,Asociacion Deportivo Cali,€1.9M,€1K
I. Jiménez,27,Mexico,72,Tigres U.A.N.L.,€2.6M,€35K
J. Torres Nilo,29,Mexico,72,Tigres U.A.N.L.,€2.4M,€37K
L. Robles,33,United States,72,New York Red Bulls,€1.6M,€5K
A. Morales,27,United States,72,FC Ingolstadt 04,€3.5M,€17K
J. Sánchez,27,Mexico,72,Guadalajara,€2.6M,€32K
C. Gamboa,27,Costa Rica,72,Celtic,€2.6M,€32K
A. Mariappa,30,Jamaica,72,Watford,€2.2M,€32K
D. Álvarez,22,Mexico,72,Necaxa,€4.2M,€9K
D. Moor,33,United States,72,Toronto FC,€1.3M,€6K
B. Oviedo,27,Costa Rica,72,Sunderland,€2.6M,€8K
M. Muñoz,37,Mexico,72,Puebla,€210K,€17K
A. Zaldívar,23,Mexico,72,Guadalajara,€4.2M,€33K
D. Guzman,27,Costa Rica,72,Portland Timbers,€2.9M,€6K
N. Calderón,28,Mexico,72,U.N.A.M.,€3.1M,€16K
R. Genevois,29,Haiti,72,SM Caen,€2.4M,€16K
A. Elis,21,Honduras,72,Houston Dynamo,€4.6M,€30K
C. Rodríguez,28,Mexico,72,Club León,€2.5M,€7K
K. Acosta,21,United States,72,FC Dallas,€4M,€5K
N. Rimando,38,United States,72,Real Salt Lake,€210K,€3K
R. Baca,27,Mexico,72,Cruz Azul,€2.9M,€19K
C. Sapong,28,United States,72,Philadelphia Union,€3.2M,€7K
V. Bernárdez,35,Honduras,72,San Jose Earthquakes,€725K,€4K
A. Wooten,27,United States,72,SV Sandhausen,€3.6M,€6K
C. Roldan,22,United States,72,Seattle Sounders FC,€3.7M,€5K
J. Gallardo,22,Mexico,72,U.N.A.M.,€4.3M,€14K
J. Medina,33,Mexico,71,Lobos de la BUAP,€1.4M,€16K
C. Ramirez,26,United States,71,Minnesota Thunder,€2.9M,€7K
D. Cabrera,27,Mexico,71,U.N.A.M.,€2.4M,€16K
A. Machado,32,Panama,71,Houston Dynamo,€1.4M,€6K
D. Guerrero,29,Mexico,71,Puebla,€1.8M,€33K
R. Matarrita,22,Costa Rica,71,New York City Football Club,€2.8M,€5K
K. Rowe,25,United States,71,New England Revolution,€3.1M,€6K
J. Agudelo,24,United States,71,New England Revolution,€3.1M,€6K
K. Lawrence,24,Jamaica,71,New York Red Bulls,€2.6M,€5K
D. Williams,28,United States,71,Huddersfield Town,€2.4M,€33K
R. Espinoza,30,Honduras,71,Sporting Kansas City,€2.2M,€7K
J. Bostock,25,Trinidad & Tobago,71,RC Lens,€3.1M,€7K
E. Álvarez,19,Mexico,71,Club América,€2.7M,€17K
K. Manneh,22,United States,71,Columbus Crew SC,€3.3M,€6K
F. Calvo,24,Costa Rica,71,Minnesota Thunder,€2.4M,€5K
G. Sandoval,21,Mexico,71,Santos Laguna,€3.4M,€12K
E. Horvath,22,United States,71,Club Brugge KV,€2.8M,€10K
J. Madueña,27,Mexico,71,Club Atlas,€2.2M,€14K
E. Juárez,29,Mexico,71,Monterrey,€1.8M,€33K
E. Aguirre,20,Mexico,71,Pachuca,€3.6M,€14K
M. Barragán,25,Mexico,71,Necaxa,€3M,€16K
C. Fierro,22,Mexico,71,Guadalajara,€3.2M,€33K
J. Morrow,29,United States,71,Toronto FC,€1.8M,€6K
P. Arriola,22,United States,71,D.C. United,€3.2M,€6K
C. Peña,27,Mexico,71,Rangers,€2.7M,€35K
P. Barrera,30,Mexico,71,U.N.A.M.,€2.2M,€16K
O. Alanís,28,Mexico,71,Guadalajara,€1.9M,€33K
C. Bolaños,33,Costa Rica,71,Vancouver Whitecaps FC,€1.4M,€7K
E. Torres,24,Mexico,71,Houston Dynamo,€3.1M,€6K
R. Quioto,25,Honduras,71,Houston Dynamo,€2.8M,€7K
O. Jiménez,28,Mexico,71,Club América,€1.7M,€27K
J. Jones,25,Trinidad & Tobago,71,Seattle Sounders FC,€2.4M,€6K
J. Silva,22,Mexico,71,Cruz Azul,€2.8M,€16K
F. Navarro,28,Mexico,71,Club León,€1.9M,€20K
E. López,22,Mexico,71,Guadalajara,€3.2M,€30K
J. Rivas,32,Mexico,71,Tiburones Rojos de Veracruz,€1.4M,€35K
R. López,24,Mexico,71,Pachuca,€2.6M,€16K
W. Trapp,24,United States,71,Columbus Crew SC,€2.5M,€5K
E. Herrera,28,Mexico,71,Rangers,€2.4M,€39K
M. Hector,24,Jamaica,71,Hull City,€2.8M,€7K
C. Wondolowski,34,United States,71,San Jose Earthquakes,€1.2M,€7K
B. Acosta,30,Costa Rica,71,SK Brann,€1.8M,€5K
A. Godoy,27,Panama,71,San Jose Earthquakes,€2.4M,€6K
D. Beasley,35,United States,71,Houston Dynamo,€500K,€4K
C. Salcido,37,Mexico,71,Guadalajara,€325K,€23K
M. Edu,31,United States,71,Philadelphia Union,€1.6M,€6K
S. Lletget,24,United States,71,LA Galaxy,€3M,€6K
E. García,27,Mexico,71,Pachuca,€2M,€19K
J. Morris,22,United States,71,Seattle Sounders FC,€3.7M,€6K
O. Pérez,44,Mexico,71,Pachuca,€160K,€9K
G. Zardes,25,United States,71,LA Galaxy,€2.9M,€7K
J. Rodríguez,37,Mexico,70,Monarcas Morelia,€240K,€10K
A. Sepúlveda,26,Mexico,70,Monarcas Morelia,€2.1M,€9K
H. Mier,27,Mexico,70,Querétaro,€1.7M,€32K
F. Rodríguez,35,Mexico,70,Lobos de la BUAP,€425K,€14K
A. Powell,22,Jamaica,70,Portland Timbers,€2M,€5K
R. Goreux,29,Haiti,70,Standard de Liège,€1.3M,€11K
L. Rodríguez,26,Mexico,70,Tigres U.A.N.L.,€1.8M,€35K
I. González,32,Mexico,70,Club León,€1M,€19K
E. Finlay,26,United States,70,Minnesota Thunder,€1.9M,€7K
G. Corral,26,Mexico,70,Querétaro,€1.7M,€8K
J. Villafaña,27,United States,70,Santos Laguna,€1.5M,€14K
E. Velarde,31,Mexico,70,Deportivo Toluca,€1.2M,€32K
J. Abella,23,Mexico,70,Santos Laguna,€2M,€12K
G. Zusi,30,United States,70,Sporting Kansas City,€1.3M,€6K
J. Cortés,27,Mexico,70,Santos Laguna,€1.8M,€16K
J. González,18,United States,70,Monterrey,€2.6M,€20K
T. Ream,29,United States,70,Fulham,€1.4M,€29K
U. Dávila,26,Mexico,70,Santos Laguna,€2.1M,€16K
J. Domínguez,29,Mexico,70,Cruz Azul,€1.4M,€20K
E. Trejo,27,Mexico,70,Querétaro,€2M,€9K
D. Cerén,27,El Salvador,70,San Jose Earthquakes,€1.5M,€6K
E. Lichaj,28,United States,70,Nottingham Forest,€1.4M,€20K
G. Gómez,33,Panama,70,Atlético Bucaramanga,€725K,€2K
M. Diskerud,26,United States,70,IFK Göteborg,€2.1M,€6K
Jona,28,Honduras,70,Córdoba CF,€1.8M,€10K
P. Kitchen,25,United States,70,Randers FC,€2M,€9K
S. Birnbaum,26,United States,70,D.C. United,€1.7M,€6K
G. Garza,25,United States,70,Atlanta United FC,€1.7M,€14K
R. Salinas,29,Mexico,70,Deportivo Toluca,€1.3M,€15K
A. Rocha,24,Mexico,70,Monarcas Morelia,€2.4M,€8K
E. Pérez,28,Mexico,70,Monarcas Morelia,€1.4M,€15K
D. Álvarez,38,Mexico,70,Tigres U.A.N.L.,€600K,€29K
W. Johnson,30,Canada,70,Orlando City Soccer Club,€1.6M,€7K
C. Giménez,36,Mexico,70,Cruz Azul,€600K,€15K
J. Zárate,25,Mexico,70,Monarcas Morelia,€2.2M,€8K
R. Torres,31,Panama,70,Seattle Sounders FC,€1.2M,€6K
R. Sawyers,25,St Kitts Nevis,70,Brentford,€2.2M,€29K
T. Parker,24,United States,70,Vancouver Whitecaps FC,€2M,€5K
D. Villalpando,25,Mexico,70,Necaxa,€2.2M,€20K
C. Guzmán,23,Mexico,69,Monarcas Morelia,€1.2M,€6K
J. Valenzuela,33,Mexico,69,Club Tijuana,€425K,€12K
G. Flores,31,Mexico,69,Cruz Azul,€700K,€16K
L. Hernández,31,Mexico,69,Necaxa,€700K,€8K
J. Rodríguez,24,Mexico,69,Club Tijuana,€950K,€18K
O. Onyewu,35,United States,69,Philadelphia Union,€250K,€4K
Z. Steffen,22,United States,69,Columbus Crew SC,€1.2M,€3K
A. Zamorano,23,Mexico,69,Querétaro,€1.3M,€6K
O. Hernández,24,Cuba,69,Eintracht Braunschweig,€1.4M,€13K
L. Silva,28,United States,69,Real Salt Lake,€1.1M,€6K
M. Bueno,23,Mexico,69,Monterrey,€1.5M,€17K
G. Hernández,24,Mexico,69,Tiburones Rojos de Veracruz,€1.4M,€25K
K. Jones,32,Trinidad & Tobago,69,Atlanta United FC,€850K,€6K
A. Saldívar,27,Mexico,69,U.N.A.M.,€850K,€10K
O. García,32,Honduras,69,Houston Dynamo,€825K,€5K
E. Zavaleta,24,United States,69,Toronto FC,€1.1M,€4K
C. Donaldson,33,Jamaica,69,Sheffield United,€650K,€27K
J. Corona,26,United States,69,Club Tijuana,€1.2M,€13K
W. Bruin,27,United States,69,Seattle Sounders FC,€1.1M,€6K
D. Gordon,32,Jamaica,69,Karlsruher SC,€600K,€1K
S. Piette,22,Canada,69,Montreal Impact,€1.3M,€4K
Y. Corona,29,Mexico,69,Club Tijuana,€825K,€12K
A. Aldrete,29,Mexico,69,Cruz Azul,€800K,€17K
I. Estrada,33,Mexico,69,Tigres U.A.N.L.,€400K,€30K
A. Farrell,25,United States,69,New England Revolution,€1.1M,€5K
L. Montes,31,Mexico,69,Club León,€900K,€17K
L. Robles,30,Mexico,69,Club Atlas,€775K,€12K
J. Beckford,33,Jamaica,69,Bury,€650K,€8K
J. Bendik,28,United States,69,Orlando City Soccer Club,€875K,€4K
B. Beckeles,31,Honduras,69,Necaxa,€700K,€8K
H. Martín,24,Mexico,69,Club Tijuana,€1.4M,€12K
D. Johnson,24,Jamaica,69,Preston North End,€1.4M,€8K
R. Miller,32,Costa Rica,69,Portland Timbers,€600K,€5K
H. Rodríguez,27,Mexico,69,Puebla,€1M,€16K
A. DeLaGarza,29,Guam,69,Houston Dynamo,€800K,€5K
V. Guzmán,22,Mexico,69,Pachuca,€1.5M,€14K
S. García,34,Mexico,69,Tiburones Rojos de Veracruz,€425K,€4K
S. Mustivar,27,Haiti,69,Sporting Kansas City,€1M,€5K
J. Sony Alcenat,31,Haiti,69,CD Feirense,€700K,€6K
J. Güemez,25,Mexico,69,Querétaro,€1.3M,€7K
L. Mendoza,27,Mexico,69,Club Tijuana,€1.1M,€13K
M. Delgado,22,United States,69,Toronto FC,€1.4M,€5K
S. Clark,31,United States,69,D.C. United,€650K,€4K
E. Lugo,32,Mexico,69,Querétaro,€825K,€32K
G. Lajud,23,Mexico,69,Club Tijuana,€1.1M,€8K
J. Torres,29,United States,69,Tigres U.A.N.L.,€825K,€31K
C. Esquivel,35,Mexico,69,Deportivo Toluca,€450K,€8K
J. Green,22,United States,69,SpVgg Greuther Fürth,€1.5M,€13K
G. Rodríguez,32,Mexico,69,Monarcas Morelia,€575K,€10K
E. Bennett,28,Jamaica,69,Blackburn Rovers,€1.1M,€9K
M. Ponce,28,Mexico,69,Necaxa,€825K,€28K
U. Luna,23,Mexico,69,Club Atlas,€1.5M,€31K
A. Maund,26,United States,69,Vancouver Whitecaps FC,€925K,€5K
O. Rojas,29,Mexico,69,Deportivo Toluca,€800K,€10K
J. Larentowicz,33,United States,68,Atlanta United FC,€375K,€5K
D. de Buen,25,Mexico,68,Santos Laguna,€1.1M,€12K
D. Toia,25,United States,68,Orlando City Soccer Club,€900K,€5K
T. Thompson,21,United States,68,San Jose Earthquakes,€1.3M,€4K
C. Duvall,25,United States,68,Montreal Impact,€875K,€5K
Steven Vitória,30,Canada,68,Lechia Gdańsk,€675K,€6K
L. García,19,Trinidad & Tobago,68,AZ Alkmaar,€1.4M,€5K
T. Deric,28,United States,68,Houston Dynamo,€750K,€4K
M. Orozco,31,United States,68,Club Tijuana,€575K,€12K
R. Clark,34,United States,68,Houston Dynamo,€425K,€5K
A. Alvarez,32,El Salvador,68,Chicago Fire Soccer Club,€700K,€5K
S. Johnson,28,United States,68,New York City Football Club,€775K,€4K
G. Ariyibi,22,United States,68,Milton Keynes Dons,€1.3M,€15K
D. Brown,26,Jamaica,68,D.C. United,€1.1M,€6K
C. Carter-Vickers,19,United States,68,Sheffield United,€1.7M,€20K
E. Izaguirre,31,Honduras,68,Al Fayha,€575K,€12K
J. Paganoni,28,Mexico,68,Tiburones Rojos de Veracruz,€700K,€6K
C. Pontius,29,United States,68,Philadelphia Union,€875K,€6K
S. Cronin,30,United States,68,Minnesota Thunder,€675K,€5K
S. Salinas,31,United States,68,San Jose Earthquakes,€775K,€5K
P. Araujo,29,Mexico,68,Puebla,€700K,€6K
E. Castillo,30,United States,68,Monterrey,€650K,€26K
E. Andrade,29,Mexico,68,Tiburones Rojos de Veracruz,€850K,€6K
S. Frei,31,United States,68,Seattle Sounders FC,€550K,€4K
M. Pérez,24,Mexico,68,Guadalajara,€1M,€23K
B. Vincent,23,United States,68,Chicago Fire Soccer Club,€1M,€4K
J. Van Rankin,24,Mexico,68,U.N.A.M.,€1M,€10K
W. Yarbrough,28,United States,68,Club León,€625K,€14K
K. Hyland,28,Trinidad & Tobago,68,Al Faisaly,€725K,€14K
S. Williams,27,United States,68,Vancouver Whitecaps FC,€750K,€5K
W. Francis,26,Costa Rica,68,Columbus Crew SC,€850K,€5K
R. Wallace,29,Costa Rica,68,New York City Football Club,€875K,€6K
C. Ramírez,24,Mexico,68,Club Atlas,€1.2M,€25K
M. Herrera,28,Mexico,68,Club León,€825K,€17K
P. Bernier,37,Canada,68,Montreal Impact,€280K,€4K
M. Ureña,27,Costa Rica,68,San Jose Earthquakes,€1M,€6K
A. Mendoza,23,Mexico,68,U.N.A.M.,€1M,€10K
M. Osuna,28,Mexico,68,Monarcas Morelia,€725K,€7K
M. Borjan,29,Canada,68,"",€0,€0.00
L. Noriega,32,Mexico,68,Querétaro,€675K,€7K
K. Kronholm,31,United States,68,Holstein Kiel,€550K,€6K
G. Torres,28,Panama,68,FC Lausanne-Sports,€925K,€9K
B. Acosta,23,Honduras,68,CD Tenerife,€1.1M,€5K
J. Zavala,29,Mexico,68,Monterrey,€700K,€28K
D. Lainez,17,Mexico,68,Club América,€1.8M,€16K
D. Edgar,30,Canada,68,Vancouver Whitecaps FC,€675K,€5K
J. Williams,29,United States,68,Columbus Crew SC,€700K,€5K
J. Amione,27,Mexico,68,Puebla,€1M,€6K
J. Osorio,25,Canada,68,Toronto FC,€1.2M,€5K
R. Rogers,30,United States,68,LA Galaxy,€650K,€5K
J. Vigón,25,Mexico,68,Club Atlas,€1.1M,€12K
J. Ruiz,23,Costa Rica,68,Al Fayha,€1.2M,€11K
R. Fennell,28,United States,68,Hallescher FC,€725K,€1K
Z. MacMath,25,United States,68,Colorado Rapids,€850K,€4K
C. Morales,37,Mexico,68,Lobos de la BUAP,€100K,€5K
V. Ulloa,25,Mexico,68,FC Dallas,€925K,€5K
A. Bono,23,United States,68,Toronto FC,€925K,€3K
G. Torres,19,Costa Rica,68,Club América,€1.2M,€16K
D. Bingham,27,United States,68,San Jose Earthquakes,€750K,€4K
M. Parkhurst,33,United States,68,Atlanta United FC,€375K,€5K
J. Gonzalez,22,United States,68,FC Dallas,€1.1M,€3K
M. Polster,24,United States,68,Chicago Fire Soccer Club,€975K,€4K
J. Isijara,27,Mexico,68,Necaxa,€950K,€9K
Y. Tejeda,25,Costa Rica,68,FC Lausanne-Sports,€1.1M,€7K
N. Hagglund,24,United States,68,Toronto FC,€1M,€4K
R. Ruíz,31,Mexico,68,Tiburones Rojos de Veracruz,€575K,€16K
H. Marín,24,Mexico,68,Guadalajara,€975K,€23K
M. Figueroa,34,Honduras,68,FC Dallas,€250K,€5K
M. Williams,26,Trinidad & Tobago,68,Colorado Rapids,€850K,€5K
O. Govea,21,Mexico,68,Royal Excel Mouscron,€1.1M,€6K
U. Rivas,21,Mexico,68,Santos Laguna,€1.4M,€10K
M. James,23,Canada,67,"",€0,€0.00
E. Hyndman,21,United States,67,Bournemouth,€1.5M,€26K
O. Rojas,35,Mexico,67,Puebla,€160K,€4K
J. Villarreal,23,United States,67,LA Galaxy,€1.1M,€5K
J. Gyau,24,United States,67,SG Sonnenhof Großaspach,€975K,€1K
S. Franklin,32,United States,67,D.C. United,€425K,€5K
H. Olvera,27,Mexico,67,Lobos de la BUAP,€700K,€5K
O. Occéan,35,Canada,67,Odds BK,€350K,€3K
K. Ellis,26,United States,67,Sporting Kansas City,€775K,€5K
J. Wicks,33,United States,67,IK Sirius,€375K,€2K
J. Leutwiler,28,Canada,67,Blackburn Rovers,€525K,€7K
A. Jackson-Hamel,23,Canada,67,Montreal Impact,€1.1M,€5K
B. Evans,32,United States,67,Seattle Sounders FC,€450K,€5K
M. Lampson,27,United States,67,Chicago Fire Soccer Club,€600K,€4K
T. Boyd,26,United States,67,SV Darmstadt 98,€975K,€16K
J. Ibarra,28,Mexico,67,Lobos de la BUAP,€750K,€6K
J. Watts,25,United States,67,Colorado Rapids,€800K,€5K
T. Bunbury,27,United States,67,New England Revolution,€900K,€6K
M. Hernández,34,Mexico,67,Tiburones Rojos de Veracruz,€300K,€4K
X. Báez,29,Mexico,67,Necaxa,€725K,€9K
V. Alvarado,24,United States,67,Santos Laguna,€850K,€10K
O. Mares,30,Mexico,67,Tiburones Rojos de Veracruz,€550K,€26K
D. Steres,26,United States,67,LA Galaxy,€800K,€5K
R. Vilchis,27,Mexico,67,Monarcas Morelia,€800K,€7K
K. Escamilla,23,Mexico,67,U.N.A.M.,€975K,€10K
M. Pérez,24,Mexico,67,Club América,€975K,€28K
D. Horst,31,United States,67,Real Salt Lake,€525K,€5K
L. Cavallini,24,Canada,67,Puebla,€1.1M,€6K
A. Escoboza,24,Mexico,67,Puebla,€1M,€11K
J. Venegas,28,Costa Rica,67,Minnesota Thunder,€775K,€6K
C. Valdez,33,Mexico,67,Tiburones Rojos de Veracruz,€450K,€7K
M. Wynne,31,United States,67,San Jose Earthquakes,€525K,€5K
S. Sinovic,30,United States,67,Sporting Kansas City,€550K,€5K
A. Cooper,29,Panama,67,Toronto FC,€725K,€6K
M. Ibarra,27,United States,67,Minnesota Thunder,€800K,€5K
T. Redding,20,United States,67,Orlando City Soccer Club,€975K,€4K
G. Barnes,28,Jamaica,67,Orlando City Soccer Club,€800K,€6K
J. Gómez,23,Mexico,67,Querétaro,€825K,€6K
R. Rubin,21,United States,67,Stabæk Fotball,€1.1M,€3K
J. Salas,23,Mexico,67,Club Atlas,€1.1M,€11K
E. Alvarado,28,Costa Rica,67,Trabzonspor,€525K,€14K
J. Jeffrey,27,United States,67,D.C. United,€750K,€5K
M. Grella,30,United States,67,New York Red Bulls,€725K,€5K
D. Phillips,33,Jamaica,67,Real Salt Lake,€290K,€5K
T. Beltran,29,United States,67,Real Salt Lake,€575K,€5K
S. Dawkins,29,Jamaica,67,San Jose Earthquakes,€750K,€6K
J. Anibaba,28,United States,67,Houston Dynamo,€625K,€5K
C. Irwin,28,United States,67,Toronto FC,€525K,€4K
J. Bornstein,32,United States,67,Querétaro,€425K,€7K
J. Nerwinski,22,United States,67,Vancouver Whitecaps FC,€875K,€4K
J. Harvey,33,United States,67,Vancouver Whitecaps FC,€290K,€5K
A. Kann,26,United States,67,Atlanta United FC,€625K,€4K
T. Akindele,25,Canada,67,FC Dallas,€950K,€6K
Q. Amarikwa,29,United States,67,San Jose Earthquakes,€750K,€6K
B. Shuttleworth,30,United States,67,Minnesota Thunder,€500K,€4K
F. Torres,34,Mexico,67,Puebla,€375K,€6K
C. Seitz,30,United States,67,FC Dallas,€500K,€4K
D. Toledo,35,Mexico,67,Puebla,€325K,€21K
B. Burling,32,United States,67,Colorado Rapids,€450K,€5K
C. Tierney,31,United States,67,New England Revolution,€500K,€5K
J. Núñez,34,Mexico,67,Club Tijuana,€220K,€12K
D. Powers,26,United States,67,Orlando City Soccer Club,€900K,€5K
H. Cid,25,Mexico,67,Tiburones Rojos de Veracruz,€775K,€5K
H. Jimenez,28,United States,67,Columbus Crew SC,€600K,€5K
T. McNamara,26,United States,66,New York City Football Club,€750K,€3K
T. Ricketts,29,Canada,66,Toronto FC,€650K,€3K
S. Carrasco,28,United States,66,Orlando City Soccer Club,€525K,€3K
A. Straith,26,Canada,66,Sportfreunde Lotte,€550K,€1K
B. Knighton,32,United States,66,New England Revolution,€375K,€2K
C. Lade,27,United States,66,New York Red Bulls,€600K,€2K
E. Hurtado,26,United States,66,Vancouver Whitecaps FC,€775K,€3K
A. Okugo,26,United States,66,Portland Timbers,€650K,€2K
B. Rowe,28,United States,66,LA Galaxy,€525K,€2K
M. Wassey,29,Canada,66,SC Paderborn 07,€625K,€1K
D. Acosta,19,United States,66,Real Salt Lake,€1.2M,€1K
D. Mattocks,26,Jamaica,66,Portland Timbers,€700K,€3K
T. Adams,18,United States,66,New York Red Bulls,€1.2M,€1K
J. Campbell,24,United States,66,Chicago Fire Soccer Club,€700K,€2K
A. Jacobson,31,United States,66,Vancouver Whitecaps FC,€425K,€2K
A. Zamora,25,Mexico,66,Puebla,€675K,€14K
A. Vega,19,Mexico,66,Deportivo Toluca,€1.4M,€3K
R. Hollingshead,26,United States,66,FC Dallas,€625K,€2K
B. Boswell,34,United States,66,Atlanta United FC,€200K,€2K
K. Rosenberry,23,United States,66,Philadelphia Union,€850K,€2K
I. Villaseñor,34,Mexico,66,Puebla,€260K,€2K
K. Fisher,23,United States,66,Montreal Impact,€725K,€2K
E. Pimentel,27,Mexico,66,Puebla,€550K,€13K
S. Caldwell,26,United States,66,New England Revolution,€775K,€3K
H. Shipp,25,United States,66,Seattle Sounders FC,€775K,€3K
L. Gooch,21,United States,66,Sunderland,€1M,€3K
A. Portales,21,Mexico,66,Monterrey,€750K,€10K
P. Sisniega,21,Mexico,66,Real Sociedad,€750K,€4K
C. Cropper,24,United States,66,New England Revolution,€700K,€2K
I. Harkes,22,United States,66,D.C. United,€1.1M,€2K
E. Reséndez,21,Mexico,66,Monterrey,€875K,€7K
O. Mendoza,28,Mexico,66,Cruz Azul,€500K,€8K
K. Sarkodie,26,United States,66,San Jose Earthquakes,€550K,€2K
J. Glad,20,United States,66,Real Salt Lake,€925K,€2K
C. Calvo,24,Mexico,66,Deportivo Toluca,€675K,€4K
A. Briseño,23,Mexico,66,CD Feirense,€725K,€3K
E. Alexander,29,United States,66,Houston Dynamo,€500K,€3K
F. Canales,30,Mexico,66,Lobos de la BUAP,€425K,€2K
S. O'Neill,23,United States,66,Excelsior,€775K,€3K
F. Acuña,29,Mexico,66,Puebla,€625K,€3K
C. Schuler,29,United States,66,Real Salt Lake,€500K,€3K
R. Teibert,24,Canada,66,Vancouver Whitecaps FC,€675K,€2K
D. Arreola,31,Mexico,66,Club Atlas,€425K,€6K
A. Tarbell,23,United States,66,San Jose Earthquakes,€650K,€2K
J. Attinella,28,United States,66,Portland Timbers,€550K,€2K
J. Barraza,26,Mexico,66,Club Atlas,€775K,€7K
O. Arce,27,Mexico,66,Necaxa,€750K,€15K
A. Hainault,31,Canada,66,1. FC Magdeburg,€425K,€1K
M. Viniegra,29,Mexico,66,Tiburones Rojos de Veracruz,€500K,€15K
B. Zemanski,29,United States,66,Portland Timbers,€500K,€3K
C. Myers,29,United States,66,Portland Timbers,€475K,€3K
B. Shea,27,United States,66,Vancouver Whitecaps FC,€675K,€3K
A. Long,24,United States,66,New York Red Bulls,€775K,€2K
M. Marshall,30,Jamaica,66,Charlton Athletic,€600K,€4K
U. Antuna,19,Mexico,66,FC Groningen,€1.2M,€2K
R. Edwards,21,Canada,66,Toronto FC,€1.2M,€2K
M. Hairston,23,United States,66,Colorado Rapids,€825K,€2K
C. Dean,24,United States,66,Chicago Fire Soccer Club,€700K,€2K
S. Moore,20,United States,66,Levante UD,€900K,€5K
J. Placide,29,Haiti,66,Oldham Athletic,€425K,€2K
O. Vera,31,Mexico,66,Tiburones Rojos de Veracruz,€575K,€3K
A. Crognale,22,United States,66,Columbus Crew SC,€825K,€2K
A. Blanco,29,Mexico,66,Pachuca,€425K,€7K
M. Domínguez,17,Mexico,66,Monterrey,€850K,€8K
A. Harris,32,St Kitts Nevis,66,FC Dallas,€350K,€2K
O. Rodríguez,20,Mexico,66,Club León,€975K,€6K
J. Enríquez,26,Mexico,66,Santos Laguna,€675K,€13K
B. Carroll,35,United States,66,Philadelphia Union,€150K,€2K
C. Warner,29,United States,66,Minnesota Thunder,€500K,€3K
E. Bush,31,United States,66,Montreal Impact,€400K,€2K
L. Quintana,25,Mexico,66,U.N.A.M.,€650K,€5K
K. Opare,26,United States,66,D.C. United,€625K,€2K
H. Cummings,25,Panama,66,San Jose Earthquakes,€725K,€2K
F. Alashe,23,United States,66,San Jose Earthquakes,€725K,€2K
S. Davis,24,United States,66,New York Red Bulls,€900K,€2K
T. Kemp,26,United States,66,D.C. United,€625K,€2K
M. de Jong,30,Canada,66,Vancouver Whitecaps FC,€475K,€2K
J. Willis,28,United States,66,Houston Dynamo,€550K,€2K
J. Martínez,30,Mexico,66,Pachuca,€475K,€8K
C. Davies,31,United States,66,Philadelphia Union,€575K,€3K
M. Jiménez,36,Mexico,66,Querétaro,€90K,€2K
S. Abdul-Salaam,25,United States,66,Sporting Kansas City,€675K,€2K
S. Cummings,28,Jamaica,66,Rotherham United,€500K,€4K
D. Jaković,31,Canada,66,"",€0,€0.00
D. Henry,24,Canada,66,West Ham United,€750K,€17K
G. Venegas,33,Mexico,66,Puebla,€260K,€3K
R. Cisneros,20,Mexico,66,Santos Laguna,€1.3M,€5K
D. Remick,26,United States,66,Houston Dynamo,€625K,€2K
S. Francis,30,Jamaica,65,Montreal Impact,€400K,€2K
D. Lovitz,25,United States,65,Montreal Impact,€475K,€2K
M. Sansores,26,Mexico,65,Monarcas Morelia,€650K,€4K
J. Kiesewetter,24,United States,65,Fortuna Düsseldorf,€725K,€7K
R. Marquez,25,United States,65,Philadelphia Union,€575K,€2K
A. García,25,Mexico,65,U.N.A.M.,€575K,€5K
L. Gil,23,United States,65,Colorado Rapids,€700K,€3K
R. Allen,27,United States,65,New York City Football Club,€500K,€2K
C. Wingert,35,United States,65,Real Salt Lake,€120K,€2K
D. Serna,23,United States,65,Colorado Rapids,€750K,€2K
K. Ford,21,United States,65,Colorado Rapids,€850K,€2K
F. Ortíz,24,Mexico,65,Monarcas Morelia,€725K,€3K
J. Hamilton,21,Canada,65,Toronto FC,€825K,€2K
B. Garnica,21,Mexico,65,Club Atlas,€925K,€5K
S. Okoli,24,United States,65,New York City Football Club,€775K,€3K
F. Escobar,22,Panama,65,New York Red Bulls,€625K,€2K
E. Palmer-Brown,20,United States,65,Sporting Kansas City,€1.1M,€2K
J. McCarthy,24,United States,65,Philadelphia Union,€550K,€2K
J. Grant,29,Jamaica,65,Plymouth Argyle,€525K,€4K
G. Allison,26,Mexico,65,Cruz Azul,€425K,€6K
F. Picault,26,United States,65,Philadelphia Union,€625K,€3K
M. Jiménez,27,Mexico,65,Guadalajara,€450K,€10K
J. Aguilar,22,Panama,65,Estoril Praia,€750K,€3K
A. Acosta,29,Mexico,65,Tigres U.A.N.L.,€400K,€15K
B. Kallman,26,United States,65,Minnesota Thunder,€475K,€2K
J. Cox,23,Panama,65,Envigado FC,€800K,€1K
Z. Valentin,25,United States,65,Portland Timbers,€550K,€2K
B. Lennon,19,United States,65,Real Salt Lake,€950K,€15K
B. Figueroa,18,Mexico,65,U.N.A.M.,€725K,€4K
K. Alston,29,United States,65,Orlando City Soccer Club,€400K,€3K
D. Jiménez,28,Mexico,65,Lobos de la BUAP,€550K,€3K
L. Esqueda,36,Mexico,65,Querétaro,€60K,€2K
C. Cato,24,Trinidad & Tobago,65,San Jose Earthquakes,€575K,€2K
R. Godínez,24,Mexico,65,Lobos de la BUAP,€625K,€2K
L. Martínez,30,Mexico,65,Tiburones Rojos de Veracruz,€500K,€3K
G. Zelalem,20,United States,65,Arsenal,€875K,€18K
S. Adekugbe,22,Canada,65,IFK Göteborg,€650K,€2K
D. Payne,21,United States,65,Excelsior,€650K,€2K
E. Palos,31,Mexico,65,Tigres U.A.N.L.,€325K,€12K
M. Petrasso,21,Canada,65,Queens Park Rangers,€800K,€6K
C. Gutiérrez,27,Mexico,65,Puebla,€500K,€3K
D. Jones,20,United States,65,Philadelphia Union,€825K,€2K
R. Gaddis,27,United States,65,Philadelphia Union,€450K,€2K
J. Leitón,23,Costa Rica,65,Minnesota Thunder,€700K,€2K
L. López,23,Mexico,65,Club León,€700K,€7K
J. Gatt,25,United States,65,Colorado Rapids,€650K,€3K
P. Mullins,25,United States,65,D.C. United,€700K,€3K
P. Jaquez,21,Mexico,65,U.N.A.M.,€825K,€4K
Z. Loyd,29,United States,65,Atlanta United FC,€425K,€3K
J. Campbell-Ryce,34,Jamaica,65,Barnet,€270K,€4K
J. Yueill,20,United States,65,San Jose Earthquakes,€750K,€2K
M. Burch,33,United States,65,Minnesota Thunder,€210K,€2K
K. Álvarez,25,Mexico,65,Tiburones Rojos de Veracruz,€575K,€2K
A. Tamay,24,Mexico,65,Lobos de la BUAP,€750K,€14K
A. Fernández,29,Mexico,65,Necaxa,€375K,€12K
J. González,25,Mexico,65,Necaxa,€575K,€4K
E. Miller,24,United States,65,Colorado Rapids,€575K,€2K
L. Neagle,30,United States,65,Seattle Sounders FC,€500K,€3K
P. Pomykal,17,United States,65,FC Dallas,€725K,€2K
A. Díaz,21,Mexico,65,Club América,€775K,€12K
L. Woodberry,26,United States,65,New England Revolution,€525K,€2K
J. Forte,30,Barbados,65,Notts County,€525K,€7K
E. Alaffita,20,Mexico,64,Necaxa,€550K,€3K
B. Hines-Ike,22,United States,64,Örebro SK,€550K,€2K
L. Walker,29,Gibraltar,64,Notts County,€425K,€6K
M. Murillo,21,Panama,64,New York Red Bulls,€500K,€2K
A. Escoto,24,Mexico,64,Lobos de la BUAP,€625K,€3K
E. Orrantía,26,Mexico,64,Club América,€450K,€6K
R. López,30,United States,64,Deportivo Toluca,€425K,€5K
A. Pierre,24,Grenada,64,Northampton Town,€600K,€2K
R. Sánchez,23,Mexico,64,Chicago Fire Soccer Club,€525K,€2K
A. Wenger,26,United States,64,Houston Dynamo,€475K,€3K
J. McInerney,24,United States,64,LA Galaxy,€550K,€3K
C. Treviño,24,Mexico,64,Lobos de la BUAP,€500K,€5K
M. Benítez,21,Mexico,64,Guadalajara,€1M,€12K
M. Tall,21,United States,64,Tours FC,€650K,€2K
A. Kovar,23,United States,64,Seattle Sounders FC,€600K,€2K
N. Smith,30,Jamaica,64,Yeovil Town,€325K,€3K
J. Taylor,32,Jamaica,64,Minnesota Thunder,€260K,€2K
A. Morgan,26,Canada,64,Toronto FC,€425K,€2K
L. Sánchez,27,Mexico,64,Alianza Petrolera,€350K,€1K
R. Clarke,24,Panama,64,Boavista FC,€600K,€3K
M. Salazar,24,Belize,64,Montreal Impact,€600K,€2K
L. Pérez,28,Mexico,64,Necaxa,€450K,€4K
T. Alfaro,24,Mexico,64,Seattle Sounders FC,€500K,€2K
R. Garcia,28,United States,64,LA Galaxy,€375K,€3K
R. Canouse,22,United States,64,D.C. United,€625K,€2K
J. Peterson,31,United States,64,Atlanta United FC,€400K,€3K
S. Wiseman,31,Gibraltar,64,Chesterfield,€300K,€5K
M. Lopez,24,United States,64,New York City Football Club,€525K,€2K
M. George,23,Costa Rica,64,Lyngby BK,€625K,€4K
D. Andrade,23,Mexico,64,Santos Laguna,€500K,€5K
O. Fisher,25,Jamaica,64,Seattle Sounders FC,€450K,€2K
G. Aguirre,21,Mexico,64,Club Atlas,€575K,€4K
A. Guido,23,United States,64,Club Tijuana,€625K,€5K
J. Smith,25,United States,64,New England Revolution,€525K,€2K
J. Davis,29,United States,64,Minnesota Thunder,€350K,€3K
M. de Luna,29,Mexico,64,Necaxa,€350K,€13K
J. Watson,33,Jamaica,64,New England Revolution,€170K,€2K
O. Rincón,31,Mexico,64,Lobos de la BUAP,€300K,€3K
J. García Sancho,22,Mexico,64,Lobos de la BUAP,€525K,€7K
D. Stanese,23,Canada,64,VfR Aalen,€500K,€1K
C. Acevedo,21,Mexico,64,Santos Laguna,€450K,€3K
W. Lefèvre,27,Canada,64,Montreal Impact,€375K,€2K
D. Holmes,22,United States,64,Scunthorpe United,€600K,€3K
S. Jackson,30,Canada,64,Walsall,€425K,€4K
A. Gordon,35,United States,64,Colorado Rapids,€210K,€2K
P. Arce,25,Mexico,64,Club América,€575K,€13K
Q. Westberg,31,United States,64,AJ Auxerre,€270K,€2K
N. Lima,22,United States,64,San Jose Earthquakes,€500K,€2K
A. Stringel,29,Mexico,64,Alianza Petrolera,€350K,€1K
A. Muyl,21,United States,64,New York Red Bulls,€625K,€2K
C. Barrett,32,United States,64,Real Salt Lake,€350K,€3K
Y. Urbina,34,Mexico,64,Monarcas Morelia,€180K,€12K
B. Stuver,26,United States,64,Columbus Crew SC,€400K,€2K
J. Chapman,23,Canada,64,Toronto FC,€650K,€2K
F. Aird,22,Canada,64,"",€0,€0.00
B. Magaña,23,United States,64,U.N.A.M.,€475K,€4K
K. Tribbett,25,United States,64,Philadelphia Union,€450K,€2K
F. Brown Forbes,25,Costa Rica,64,Amkar Perm,€475K,€6K
C. Korb,29,United States,64,D.C. United,€350K,€3K
A. Acosta,20,Mexico,64,U.N.A.M.,€800K,€5K
A. Jahn,26,United States,64,Columbus Crew SC,€500K,€3K
J. Basulto,25,Mexico,64,Guadalajara,€475K,€12K
B. Sweat,25,United States,64,New York City Football Club,€475K,€2K
D. Vega,24,Costa Rica,64,SK Brann,€575K,€2K
S. Zizzo,30,United States,63,New York Red Bulls,€270K,€2K
J. Sánchez,19,Mexico,63,Santos Laguna,€475K,€2K
E. Zaldívar,20,Mexico,63,Club Atlas,€500K,€3K
M. Haber,28,Canada,63,Dundee FC,€375K,€2K
R. Gall,22,United States,63,GIF Sundsvall,€625K,€1K
C. Vargas,18,Mexico,63,Club América,€525K,€4K
D. Duka,27,United States,63,New York Red Bulls,€375K,€2K
N. DeLeon,26,United States,63,D.C. United,€325K,€2K
M. Farfan,18,United States,63,Portland Timbers,€500K,€1K
L. Olascoaga,25,Mexico,63,Lobos de la BUAP,€450K,€2K
E. Chávez,30,Mexico,63,Monarcas Morelia,€270K,€2K
C. González,25,Mexico,63,Club León,€500K,€6K
G. Burón,23,Mexico,63,Club América,€400K,€7K
R. González,22,Mexico,63,U.N.A.M.,€525K,€3K
B. Vazquez,18,United States,63,Atlanta United FC,€675K,€1K
T. Worra,24,United States,63,D.C. United,€325K,€1K
A. Rocha,23,United States,63,Orlando City Soccer Club,€425K,€1K
D. Chávez,22,Mexico,63,Tiburones Rojos de Veracruz,€425K,€1K
J. Castillo,22,Mexico,63,U.N.A.M.,€375K,€3K
B. Jamieson IV,20,United States,63,LA Galaxy,€650K,€2K
P. Doody,25,United States,63,Chicago Fire Soccer Club,€375K,€2K
J. Kempin,24,United States,63,LA Galaxy,€350K,€1K
W. McKennie,18,United States,63,FC Schalke 04,€750K,€4K
C. Martinez,20,Panama,63,Columbus Crew SC,€550K,€1K
S. Barry,27,United States,63,Korona Kielce,€375K,€1K
M. Centeno,27,Mexico,63,Deportivo Toluca,€300K,€3K
R. Rivas,18,Honduras,63,Brescia,€575K,€6K
L. Béland-Goyette,21,Canada,63,Montreal Impact,€500K,€1K
R. Cota,21,Mexico,63,Cruz Azul,€600K,€4K
R. Miller,25,Panama,63,Atletico Nacional Medellin,€425K,€1K
C. Rolfe,34,United States,63,D.C. United,€190K,€2K
W. Hume,23,United States,63,FC Dallas,€425K,€1K
K. Shelton,24,United States,63,New York City Football Club,€500K,€2K
M. Bloom,29,United States,63,Atlanta United FC,€280K,€2K
J. McBean,22,United States,63,LA Galaxy,€600K,€2K
D. Carvajal,28,Costa Rica,63,Albacete Balompié,€260K,€2K
E. White,26,United States,63,New York City Football Club,€325K,€2K
D. Smith,26,United States,63,New England Revolution,€425K,€2K
D. Romney,24,United States,63,LA Galaxy,€425K,€1K
M. Harrington,31,United States,63,Chicago Fire Soccer Club,€240K,€2K
A. López,19,Mexico,63,Monterrey,€575K,€6K
A. Horwath,30,United States,62,SK Brann,€190K,€1K
B. Rubio,20,Mexico,62,Tigres U.A.N.L.,€450K,€9K
J. Donacien,23,St Lucia,62,Accrington Stanley,€350K,€2K
D. Orgill,27,Jamaica,62,Wolfsberger AC,€350K,€3K
A. Mayorga,20,Mexico,62,Guadalajara,€600K,€6K
A. Carleton,17,United States,62,Atlanta United FC,€600K,€1K
M. Crépeau,23,Canada,62,Montreal Impact,€325K,€1K
D. Yao,27,United States,62,SV Meppen,€325K,€1K
D. Cortés,19,Mexico,62,Guadalajara,€575K,€4K
A. Arellano,22,Mexico,62,Querétaro,€400K,€2K
R. Leal,20,Costa Rica,62,KV Mechelen,€475K,€2K
J. Sartiaguin,23,Mexico,62,Deportivo Toluca,€350K,€3K
A. Guillen,24,Mexico,62,FC Dallas,€350K,€1K
A. Zamudio,19,Mexico,62,U.N.A.M.,€650K,€2K
E. Torres,19,Mexico,62,Guadalajara,€475K,€5K
M. Ambrose,23,United States,62,Atlanta United FC,€325K,€1K
C. Nava,22,Mexico,62,Club Atlas,€450K,€4K
B. Lozano,20,Mexico,62,U.N.A.M.,€675K,€4K
T. Chencinski,32,Canada,62,Shamrock Rovers,€170K,€1K
M. Rodríguez,23,United States,62,SG Sonnenhof Großaspach,€425K,€1K
L. Martínez,22,Mexico,62,Tigres U.A.N.L.,€400K,€8K
N. Smith,22,United States,62,LA Galaxy,€350K,€1K
C. Cercado,28,Mexico,62,Lobos de la BUAP,€240K,€2K
M. Camargo,23,Panama,62,New York City Football Club,€425K,€2K
D. Choinière,20,Canada,62,Montreal Impact,€525K,€1K
D. Etienne Jr.,20,Haiti,62,New York Red Bulls,€500K,€2K
C. Porter,24,United States,62,Sporting Kansas City,€400K,€2K
E. Klenofsky,22,United States,62,D.C. United,€375K,€1K
A. Dykstra,31,United States,62,Sporting Kansas City,€180K,€1K
P. Yrizar,19,Mexico,62,Querétaro,€400K,€2K
M. Rodriguez,21,United States,62,Houston Dynamo,€575K,€2K
J. Delgadillo,23,Mexico,62,Deportivo Toluca,€375K,€3K
C. Stanko,23,United States,62,SC Freiburg,€350K,€4K
T. Miller,24,United States,62,Seattle Sounders FC,€325K,€1K
M. Robinson,20,United States,62,Atlanta United FC,€475K,€1K
K. Piedrahita,26,United States,62,La Equidad,€270K,€1K
M. Van Oekel,30,United States,62,Real Salt Lake,€190K,€1K
J. Matt,27,Jamaica,62,Grimsby Town,€350K,€2K
C. Humphrey,29,Jamaica,62,Bury,€300K,€2K
E. Tercero,21,Mexico,62,Lobos de la BUAP,€525K,€1K
O. Gaines,19,United States,62,SV Darmstadt 98,€650K,€3K
S. Blancas,29,Mexico,62,Tigres FC,€300K,€1K
K. Reynish,33,United States,62,Atlanta United FC,€150K,€1K
A. Lassiter,22,Costa Rica,62,LA Galaxy,€475K,€2K
G. Arteaga,18,Mexico,62,Santos Laguna,€375K,€2K
H. Wingo,21,United States,62,Seattle Sounders FC,€450K,€1K
J. Estrada,19,Mexico,61,Club Atlas,€375K,€1K
K. Garcia,26,United States,61,Houston Dynamo,€260K,€2K
B. Meredith,27,United States,61,Seattle Sounders FC,€200K,€1K
R. Torres,20,Mexico,61,Tigres U.A.N.L.,€550K,€8K
B. Galindo,18,Mexico,61,Guadalajara,€475K,€4K
V. Milke,22,Mexico,61,Querétaro,€325K,€2K
C. Maloney,22,United States,61,Columbus Crew SC,€270K,€1K
E. Edwards Jr.,25,United States,61,Orlando City Soccer Club,€250K,€1K
F. Beltrán,19,Mexico,61,Guadalajara,€525K,€5K
J. Lewis,20,United States,61,New York City Football Club,€550K,€2K
K. Venegas,27,United States,61,Minnesota Thunder,€210K,€2K
P. Da Silva,18,United States,61,Orlando City Soccer Club,€525K,€1K
J. García,22,Mexico,61,Deportivo Toluca,€325K,€4K
T. Robinson,28,Jamaica,61,Southend United,€260K,€2K
M. Pelosi,23,United States,61,San Jose Earthquakes,€350K,€2K
J. Torres,17,United States,61,Sporting Lokeren,€450K,€1K
J. Klinsmann,20,United States,61,Hertha BSC Berlin,€450K,€3K
Y. Gutiérrez,36,Mexico,61,Necaxa,€30K,€1K
M. Laínez,21,Mexico,61,Club León,€425K,€4K
A. Obinwa,20,United States,61,Columbus Crew SC,€350K,€1K
R. Okunorobo,28,Mexico,61,Lobos de la BUAP,€200K,€2K
A. Benítez,21,Mexico,61,Deportivo Toluca,€300K,€2K
H. Wright,19,United States,61,SV Sandhausen,€550K,€4K
L. Chávez,21,Mexico,61,Club Tijuana,€375K,€3K
J. Calistri,23,United States,61,Chicago Fire Soccer Club,€350K,€2K
C. Torres,21,Mexico,61,Club León,€350K,€4K
K. Magaña,19,Mexico,61,Guadalajara,€550K,€6K
Z. Tsiskaridze,30,United States,61,AFC Eskilstuna,€190K,€1K
S. Richey,25,United States,61,Vancouver Whitecaps FC,€240K,€1K
D. Johnson,21,United States,61,Chicago Fire Soccer Club,€325K,€1K
J. Ebobisse,20,United States,61,Portland Timbers,€550K,€2K
J. Allen,22,United States,61,Real Salt Lake,€425K,€2K
V. Zúñiga,21,Mexico,61,Cruz Azul,€400K,€5K
J. Schmidt,23,United States,61,Real Salt Lake,€290K,€1K
N. Gómez,19,Mexico,61,Pachuca,€375K,€4K
E. Cedillo,21,Mexico,61,Club América,€350K,€6K
C. Horton,22,United States,61,D.C. United,€300K,€1K
J. Stertzer,26,United States,61,New York City Football Club,€300K,€2K
A. Cervantes,19,Mexico,60,Club León,€400K,€3K
J. Ibarra,21,Mexico,60,Tigres U.A.N.L.,€325K,€6K
M. Bustos,21,Canada,60,Vancouver Whitecaps FC,€300K,€1K
B. Swanson,19,United States,60,Columbus Crew SC,€350K,€1K
A. García,21,Mexico,60,Deportivo Toluca,€280K,€2K
S. Saucedo,20,United States,60,Real Salt Lake,€325K,€1K
J. Durán,20,Mexico,60,Club León,€350K,€3K
A. Faustin,20,Haiti,60,SV Zulte-Waregem,€350K,€2K
J. Firpo,20,Dominican Republic,60,Real Betis Balompié,€290K,€2K
R. Sprangers,19,Haiti,60,NAC Breda,€400K,€1K
Z. Mathers,23,United States,60,Seattle Sounders FC,€280K,€1K
S. Gomez,20,Trinidad & Tobago,60,New York City Football Club,€260K,€1K
K. Scott,19,United States,60,Chelsea,€450K,€7K
J. Greenspan,24,United States,60,Minnesota Thunder,€230K,€1K
A. Peláez,23,Mexico,60,Cruz Azul,€210K,€3K
M. Kaye,22,Canada,60,"",€0,€0.00
C. Seiler,23,United States,60,Vancouver Whitecaps FC,€230K,€1K
J. Berner,26,United States,60,Colorado Rapids,€190K,€1K
R. Peña,25,Mexico,60,Querétaro,€210K,€2K
J. Álvarez,21,Mexico,60,Monterrey,€290K,€5K
G. Alcalá,24,Mexico,60,Querétaro,€200K,€1K
C. Odoi-Atsem,22,United States,60,D.C. United,€240K,€1K
B. Aubrey,22,United States,60,Toronto FC,€250K,€1K
T. Figueroa,18,Mexico,60,Pachuca,€425K,€1K
B. Allen,23,United States,60,Minnesota Thunder,€300K,€1K
R. Dunk,23,United States,60,Real Salt Lake,€270K,€1K
J. Morias,21,Jamaica,60,Peterborough United,€350K,€2K
G. Clemens,28,Mexico,60,Lobos de la BUAP,€210K,€2K
M. Epps,22,United States,60,Philadelphia Union,€325K,€1K
M. Bean,33,Jamaica,60,Wycombe Wanderers,€120K,€3K
M. Rodríguez,21,Mexico,60,Santos Laguna,€290K,€2K
A. López,21,Mexico,60,Guadalajara,€325K,€5K
C. Rosel,21,Mexico,60,Club América,€375K,€5K
C. Zamora,21,Mexico,60,Guadalajara,€290K,€5K
E. García,19,Mexico,60,Club Atlas,€350K,€2K
U. Tavares,24,Mexico,60,Patriotas Boyacá FC,€280K,€1K
R. Alvarado,18,Mexico,60,Necaxa,€290K,€1K
D. Nazon,23,Haiti,60,Coventry City,€300K,€6K
D. Mejía,33,Mexico,60,Monarcas Morelia,€120K,€2K
S. Adekoya,21,United States,60,Seattle Sounders FC,€300K,€1K
J. Cruz,18,Mexico,59,Tigres U.A.N.L.,€220K,€4K
J. Celaya,18,Mexico,59,Tigres U.A.N.L.,€260K,€4K
J. Robinson,23,United States,59,D.C. United,€180K,€1K
D. Parra,17,Mexico,59,Monterrey,€270K,€3K
I. Zamora,21,Mexico,59,Deportivo Toluca,€230K,€2K
E. Sánchez,17,Mexico,59,Pachuca,€300K,€3K
R. Marín,19,Mexico,59,Club América,€325K,€5K
L. Amador,21,Mexico,59,Club América,€210K,€5K
I. Young,19,United States,59,Werder Bremen II,€325K,€1K
C. Craft,20,United States,59,FC Dallas,€280K,€1K
A. Zendejas,21,United States,59,Sporting Kansas City,€220K,€1K
R. Kristo,24,United States,59,VfL Osnabrück,€220K,€1K
M. Abundiz,21,Mexico,59,Deportivo Toluca,€230K,€2K
S. Reyes,19,Mexico,59,Monarcas Morelia,€325K,€1K
D. Metzger,23,United States,59,New York Red Bulls,€210K,€1K
L. García,24,Mexico,59,Deportivo Toluca,€150K,€1K
A. Arce,20,Mexico,59,U.N.A.M.,€230K,€3K
A. Najem,22,United States,59,Philadelphia Union,€240K,€1K
C. Iwasa,23,United States,59,Sporting Kansas City,€220K,€1K
P. López,19,Mexico,59,Pachuca,€270K,€2K
E. Ayala,21,Mexico,59,Pachuca,€240K,€4K
R. Mendiola,23,Mexico,59,LA Galaxy,€280K,€1K
S. Camargo,22,Canada,59,Toronto FC,€200K,€1K
J. Villalpando,32,Mexico,59,Lobos de la BUAP,€90K,€1K
B. Wright,22,Canada,59,New England Revolution,€230K,€1K
A. Peña,21,Mexico,59,Pachuca,€240K,€3K
D. Conner,23,United States,59,Chicago Fire Soccer Club,€200K,€1K
J. Godínez,20,Mexico,59,Guadalajara,€350K,€6K
C. Calvert,20,United States,59,Colorado Rapids,€260K,€1K
B. Nana-Sinkam,22,United States,59,Seattle Sounders FC,€190K,€1K
L. Callahan,23,United States,59,Colorado Rapids,€190K,€1K
E. Kronberg,33,United States,59,Montreal Impact,€80K,€1K
M. Corboz,22,United States,59,MSV Duisburg,€190K,€1K
K. Stamatopoulos,37,Canada,59,AIK Solna,€10K,€1K
J. Macías,17,Mexico,59,Guadalajara,€300K,€5K
A. Trusty,18,United States,59,Philadelphia Union,€290K,€1K
C. Arcus,21,Haiti,59,AJ Auxerre,€210K,€1K
K. Montaño,22,Mexico,59,Cruz Azul,€230K,€4K
C. Donovan,21,United States,58,Orlando City Soccer Club,€220K,€1K
M. da Fonte,26,United States,58,Colorado Rapids,€130K,€1K
D. Cruz,22,Mexico,58,Club Atlas,€160K,€2K
J. Cortizo,21,Mexico,58,Querétaro,€190K,€1K
R. de la Rosa,17,Mexico,58,Pachuca,€250K,€3K
Z. Herivaux,21,Haiti,58,New England Revolution,€220K,€1K
R. Perez,22,Mexico,58,Colorado Rapids,€200K,€1K
S. Antonijevic,28,United States,58,Lillestrøm SK,€100K,€1K
E. Louro,21,United States,58,New York Red Bulls,€130K,€1K
T. Pasher,23,Canada,58,Sporting Kansas City,€170K,€1K
C. Crespo,19,Mexico,58,Club Tijuana,€200K,€2K
J. Angulo,19,Mexico,58,Santos Laguna,€160K,€2K
A. Torres,21,Mexico,58,Guadalajara,€170K,€4K
J. Villarreal,22,United States,58,LA Galaxy,€180K,€1K
A. Wheeler-Omiunu,22,United States,58,Atlanta United FC,€190K,€1K
L. Fernández,24,Mexico,58,Tigres U.A.N.L.,€140K,€5K
J. de Alba,22,Mexico,58,Querétaro,€160K,€1K
B. Spencer,22,United States,58,Toronto FC,€180K,€1K
R. Laryea,22,Canada,58,Orlando City Soccer Club,€170K,€1K
P. McLain,28,United States,58,Minnesota Thunder,€90K,€1K
O. Holness,23,Jamaica,58,Real Salt Lake,€200K,€1K
A. Mozo,20,Mexico,58,U.N.A.M.,€250K,€2K
D. Mihailovic,18,United States,58,Chicago Fire Soccer Club,€260K,€1K
S. Cleveland,23,United States,58,Chicago Fire Soccer Club,€130K,€1K
J. Soñora,20,United States,58,VfB Stuttgart,€230K,€3K
R. Cannon,19,United States,58,FC Dallas,€240K,€1K
C. Storm,22,United States,58,Sporting Kansas City,€160K,€1K
E. Escobar,25,Mexico,58,Lobos de la BUAP,€130K,€1K
I. Rodríguez,24,Mexico,58,Puebla,€130K,€1K
D. Hernández,19,Mexico,58,Necaxa,€160K,€1K
J. Padilla,18,Mexico,58,Pachuca,€260K,€3K
B. Levis,24,Canada,58,Vancouver Whitecaps FC,€150K,€1K
L. Ketterer,23,United States,58,Columbus Crew SC,€120K,€1K
A. Medina,19,Mexico,57,Deportivo Toluca,€220K,€2K
J. León,21,Mexico,57,Club América,€140K,€4K
O. Sterling-James,23,St Kitts Nevis,57,Mansfield Town,€140K,€3K
J. Valadez,21,Mexico,57,Monarcas Morelia,€210K,€1K
J. Rodríguez,21,Mexico,57,Club León,€150K,€3K
E. Orona,18,Mexico,57,Pachuca,€220K,€3K
C. Durkin,17,United States,57,D.C. United,€180K,€1K
A. Elvira,20,Mexico,57,U.N.A.M.,€120K,€2K
B. Martínez,21,Mexico,57,Querétaro,€170K,€2K
L. Ovalle,28,Panama,57,Deportes Tolima,€80K,€1K
H. Muñoz,22,Mexico,57,Club Tijuana,€130K,€2K
N. Depuy,22,United States,57,Montreal Impact,€140K,€1K
J. Hayes,22,United States,57,FC Dallas,€160K,€1K
H. Arellano,19,United States,57,LA Galaxy,€160K,€1K
C. Brown,25,United States,57,Houston Dynamo,€100K,€1K
M. Lansing,23,United States,57,Aalborg BK,€120K,€1K
P. Millien,31,Haiti,57,Finn Harps,€90K,€1K
J. Brown,22,Jamaica,57,Cambridge United,€180K,€3K
C. González,19,Mexico,57,Club Atlas,€140K,€2K
M. Pais,26,United States,57,Toronto FC,€100K,€1K
S. Shome,19,Canada,57,Montreal Impact,€180K,€1K
N. Besler,24,United States,57,Real Salt Lake,€140K,€1K
C. Calderón,20,Mexico,57,Club Atlas,€180K,€2K
D. López,17,Mexico,57,Club Tijuana,€170K,€2K
L. de la Torre,19,United States,56,Fulham,€190K,€3K
K. Duncan,19,United States,56,Valenciennes FC,€140K,€1K
C. Fernandez,20,United States,56,Chicago Fire Soccer Club,€160K,€1K
A. Rawls,25,United States,56,New York City Football Club,€90K,€1K
C. Goslin,17,United States,56,Atlanta United FC,€200K,€1K
R. Jurado,20,Mexico,56,U.N.A.M.,€140K,€2K
R. Velazco,24,United States,56,Real Salt Lake,€130K,€1K
K. Rozo,22,United States,56,Patriotas Boyacá FC,€130K,€1K
A. Basuljevic,21,United States,56,New York Red Bulls,€140K,€1K
R. Clarke,21,Jamaica,56,Portland Timbers,€120K,€1K
Z. Messoudi,23,Canada,56,Odds BK,€130K,€1K
B. Colula,21,Mexico,56,Necaxa,€130K,€5K
O. Tejeda,28,Mexico,56,Lobos de la BUAP,€90K,€1K
L. Malagón,20,Mexico,56,Monarcas Morelia,€130K,€1K
D. Zanatta,20,Canada,56,Heart of Midlothian,€200K,€1K
A. Reid,17,Canada,56,FC Dallas,€140K,€1K
E. Sánchez,23,Mexico,56,Lobos de la BUAP,€140K,€7K
M. Hollingsworth,23,United States,56,Columbus Crew SC,€120K,€1K
C. Martin,22,United States,56,Minnesota Thunder,€140K,€1K
M. Bersano,24,United States,56,San Jose Earthquakes,€90K,€1K
K. Twardek,20,Canada,55,Millwall,€150K,€4K
R. Meraz,17,Mexico,55,Monarcas Morelia,€160K,€1K
B. Bronico,22,United States,55,Chicago Fire Soccer Club,€120K,€1K
E. Sabbi,19,United States,55,Hobro IK,€140K,€1K
L. Zaragoza,20,Mexico,55,Cruz Azul,€140K,€4K
K. McIntosh,23,United States,55,Portland Timbers,€90K,€1K
S. Hernández,20,Mexico,55,Club Atlas,€140K,€2K
A. Kapp,22,United States,55,Minnesota Thunder,€100K,€1K
J. Meza,23,Mexico,55,Club Tijuana,€120K,€3K
A. Didic,22,Canada,54,Sporting Kansas City,€90K,€1K
J. Esquivel,19,Mexico,54,Pachuca,€130K,€2K
A. Ocejo,19,Mexico,54,Santos Laguna,€120K,€2K
C. Lucatero,20,United States,54,Houston Dynamo,€150K,€1K
B. Scott,18,United States,54,1. FC Köln,€110K,€1K
K. Awuah,21,Canada,54,New York City Football Club,€120K,€1K
M. Amick,22,United States,54,Portland Timbers,€90K,€1K
B. Moore,25,United States,53,Rochdale,€60K,€1K
R. Díaz,21,Mexico,53,Querétaro,€70K,€1K
J. McGuire,22,United States,53,Philadelphia Union,€70K,€1K
M. Cancela,24,Mexico,53,Tiburones Rojos de Veracruz,€60K,€1K
M. Turner,23,United States,52,New England Revolution,€60K,€1K
C. Sparrow,23,United States,52,Real Salt Lake,€50K,€1K
J. Muñoz,20,Mexico,52,Club León,€60K,€2K
B. Chevreuil,20,Haiti,52,La Berrichonne de Châteauroux,€70K,€1K
J. Hernandez,21,Mexico,52,Real Salt Lake,€70K,€1K
A. Romero,19,Mexico,51,Pachuca,€70K,€1K
H. González,21,Mexico,51,Club Tijuana,€40K,€1K
T. Hunter,23,United States,51,Houston Dynamo,€40K,€1K
R. Diaz,25,United States,51,New York Red Bulls,€30K,€1K
M. Zamora,21,Mexico,50,Lobos de la BUAP,€30K,€1K
J. García,19,Mexico,50,Santos Laguna,€50K,€1K
A. Rose,18,Jamaica,50,Grimsby Town,€40K,€1K
R. Pasquel,21,Mexico,50,Deportivo Toluca,€40K,€1K
G. Malki,25,United States,49,Houston Dynamo,€40K,€1K
T. Trueba,21,Mexico,49,Puebla,€30K,€1K
