K. Navas,30,Costa Rica,85,Real Madrid CF,€24.5M,€165K,165,24.5
J. Hernández,29,Mexico,82,West Ham United,€22M,€135K,135,22
C. Vela,28,Mexico,82,Real Sociedad,€22.5M,€46K,46,22.5
J. Corona,24,Mexico,81,FC Porto,€23M,€17K,17,23
J. Brooks,24,United States,80,VfL Wolfsburg,€17M,€57K,57,17
H. Moreno,29,Mexico,80,Roma,€11.5M,€71K,71,11.5
A. Guardado,30,Mexico,80,Real Betis Balompié,€13.5M,€32K,32,13.5
J. dos Santos,27,Mexico,80,LA Galaxy,€16.5M,€13K,13,16.5
A. Hutchinson,34,Canada,80,Beşiktaş JK,€4.5M,€56K,56,4.5
M. Fabián,27,Mexico,79,Eintracht Frankfurt,€13M,€38K,38,13
F. Johnson,29,United States,79,Borussia Mönchengladbach,€12.5M,€48K,48,12.5
G. dos Santos,28,Mexico,79,LA Galaxy,€13M,€15K,15,13
H. Herrera,27,Mexico,79,FC Porto,€14M,€19K,19,14
G. Ochoa,31,Mexico,79,Standard de Liège,€7.5M,€18K,18,7.5
C. Pulisic,18,United States,78,Borussia Dortmund,€16.5M,€31K,31,16.5
H. Lozano,21,Mexico,78,PSV,€14.5M,€17K,17,14.5
R. Jiménez,26,Mexico,78,SL Benfica,€12.5M,€16K,16,12.5
T. Howard,38,United States,78,Colorado Rapids,€700K,€5K,5,700
M. Layún,29,Mexico,78,FC Porto,€8M,€15K,15,8
C. Pulisic,18,United States,78,Borussia Dortmund,€16.5M,€31K,31,16.5
M. Bradley,29,United States,78,Toronto FC,€8M,€10K,10,8
C. Dempsey,34,United States,78,Seattle Sounders FC,€5M,€11K,11,5
D. Reyes,24,Mexico,77,FC Porto,€10M,€13K,13,10
O. Duarte,28,Costa Rica,77,RCD Espanyol,€7M,€30K,30,7
B. Ruíz,31,Costa Rica,77,Sporting CP,€8M,€19K,19,8
J. Aquino,27,Mexico,77,Tigres U.A.N.L.,€9.5M,€65K,65,9.5
J. Campbell,25,Costa Rica,77,Real Betis Balompié,€11M,€92K,92,11
W. Morgan,33,Jamaica,77,Leicester City,€3.6M,€62K,62,3.6
E. Hernández,29,Mexico,77,Club León,€8.5M,€36K,36,8.5
O. Alonso,31,Cuba,77,Seattle Sounders FC,€6M,€10K,10,6
L. Bailey,19,Jamaica,76,Bayer 04 Leverkusen,€12M,€29K,29,12
G. Cameron,31,United States,76,Stoke City,€5M,€62K,62,5
T. Chandler,27,United States,76,Eintracht Frankfurt,€7M,€29K,29,7
O. Peralta,33,Mexico,76,Club América,€4.8M,€63K,63,4.8
J. Damm,24,Mexico,76,Tigres U.A.N.L.,€10M,€56K,56,10
L. Nguyen,30,United States,76,New England Revolution,€7.5M,€11K,11,7.5
J. Altidore,27,United States,76,Toronto FC,€8M,€12K,12,8
P. Aguilar,31,Mexico,76,Club América,€5M,€53K,53,5
E. Gutiérrez,22,Mexico,76,Pachuca,€11M,€30K,30,11
Mariano,23,Dominican Republic,76,Olympique Lyonnais,€10.5M,€59K,59,10.5
J. Vázquez,29,Mexico,76,Guadalajara,€6M,€55K,55,6
J. Orozco,31,Mexico,76,Santos Laguna,€4.7M,€19K,19,4.7
J. Corona,36,Mexico,76,Cruz Azul,€1M,€17K,17,1
J. Hernández,28,Mexico,75,Pachuca,€6M,€28K,28,6
B. Feilhaber,32,United States,75,Sporting Kansas City,€5M,€9K,9,5
O. Pineda,21,Mexico,75,Guadalajara,€10M,€38K,38,10
R. Pizarro,23,Mexico,75,Guadalajara,€9M,€42K,42,9
D. Nagbe,26,United States,75,Portland Timbers,€7M,€9K,9,7
A. Blake,26,Jamaica,75,Philadelphia Union,€6.5M,€7K,7,6.5
J. Dueñas,28,Mexico,75,Tigres U.A.N.L.,€5.5M,€52K,52,5.5
H. Ayala,30,Mexico,75,Tigres U.A.N.L.,€4.9M,€50K,50,4.9
A. Pulido,26,Mexico,75,Guadalajara,€8M,€53K,53,8
B. Wood,24,United States,75,Hamburger SV,€9.5M,€31K,31,9.5
I. Brizuela,26,Mexico,75,Guadalajara,€7M,€48K,48,7
S. Kljestan,31,United States,75,New York Red Bulls,€6M,€9K,9,6
G. González,29,Costa Rica,75,Bologna,€5M,€44K,44,5
J. Molina,29,Mexico,74,Monterrey,€4.4M,€46K,46,4.4
N. Araujo,25,Mexico,74,Santos Laguna,€6M,€19K,19,6
A. Najar,24,Honduras,74,RSC Anderlecht,€6M,€18K,18,6
M. Besler,30,United States,74,Sporting Kansas City,€4.2M,€8K,8,4.2
M. Hedges,27,United States,74,FC Dallas,€4.7M,€8K,8,4.7
B. Hamid,26,United States,74,D.C. United,€4.9M,€7K,7,4.9
C. Montes,20,Mexico,74,Monterrey,€7M,€34K,34,7
I. Opara,28,United States,74,Sporting Kansas City,€5M,€9K,9,5
O. Gonzalez,28,United States,74,Pachuca,€4.6M,€28K,28,4.6
C. Salcedo,23,Mexico,74,Eintracht Frankfurt,€6.5M,€38K,38,6.5
A. Ríos,28,Mexico,74,Deportivo Toluca,€4.6M,€17K,17,4.6
A. Bedoya,30,United States,74,Philadelphia Union,€5M,€9K,9,5
D. McCarty,30,United States,74,Chicago Fire Soccer Club,€4.2M,€8K,8,4.2
K. Waston,29,Costa Rica,74,Vancouver Whitecaps FC,€4.4M,€9K,9,4.4
R. Cota,29,Mexico,74,Guadalajara,€3.8M,€23K,23,3.8
K. Molino,27,Trinidad & Tobago,74,Minnesota Thunder,€6.5M,€9K,9,6.5
M. Miazga,21,United States,73,Vitesse,€5.5M,€60K,60,5.5
K. Saief,23,United States,73,KAA Gent,€5.5M,€19K,19,5.5
L. Fuentes,30,Mexico,73,Monterrey,€2.9M,€20K,20,2.9
J. Pereira,30,Mexico,73,Guadalajara,€3M,€44K,44,3
M. Fraga,29,Mexico,73,Club Atlas,€2.7M,€17K,17,2.7
H. González,26,Mexico,73,Monterrey,€3.5M,€36K,36,3.5
W. Zimmerman,24,United States,73,FC Dallas,€4.5M,€7K,7,4.5
S. Arfield,28,Canada,73,Burnley,€4M,€51K,51,4
A. González,22,Mexico,73,Monterrey,€5.5M,€42K,42,5.5
B. Guzan,32,United States,73,Atlanta United FC,€2.3M,€7K,7,2.3
Tano Bonnin,27,Dominican Republic,73,CA Osasuna,€3.9M,€10K,10,3.9
A. Lozano,24,Honduras,73,FC Barcelona B,€5.5M,€9K,9,5.5
J. Jones,35,United States,73,LA Galaxy,€1.7M,€7K,7,1.7
C. Larin,22,Canada,73,Orlando City Soccer Club,€6M,€9K,9,6
G. McCleary,30,Jamaica,73,Reading,€3.8M,€37K,37,3.8
D. Dwyer,26,United States,73,Orlando City Soccer Club,€4.8M,€10K,10,4.8
D. Yedlin,23,United States,73,Newcastle United,€4.7M,€45K,45,4.7
T. Melia,31,United States,72,Sporting Kansas City,€1.9M,€5K,5,1.9
K. Beckerman,35,United States,72,Real Salt Lake,€725K,€4K,4,725
A. Jóhannsson,26,United States,72,SV Werder Bremen,€3.9M,€21K,21,3.9
J. Louis,24,Haiti,72,SM Caen,€4.2M,€14K,14,4.2
J. Hoilett,27,Canada,72,Cardiff City,€3.3M,€21K,21,3.3
C. Marshall,32,United States,72,Seattle Sounders FC,€1.8M,€6K,6,1.8
E. Hernández,30,Mexico,72,Guadalajara,€2.2M,€32K,32,2.2
J. Spector,31,United States,72,Orlando City Soccer Club,€2.1M,€6K,6,2.1
L. Reyes,26,Mexico,72,Club Atlas,€3.2M,€14K,14,3.2
R. Jérez,31,Guatemala,72,Asociacion Deportivo Cali,€1.9M,€1K,1,1.9
I. Jiménez,27,Mexico,72,Tigres U.A.N.L.,€2.6M,€35K,35,2.6
J. Torres Nilo,29,Mexico,72,Tigres U.A.N.L.,€2.4M,€37K,37,2.4
L. Robles,33,United States,72,New York Red Bulls,€1.6M,€5K,5,1.6
A. Morales,27,United States,72,FC Ingolstadt 04,€3.5M,€17K,17,3.5
J. Sánchez,27,Mexico,72,Guadalajara,€2.6M,€32K,32,2.6
C. Gamboa,27,Costa Rica,72,Celtic,€2.6M,€32K,32,2.6
A. Mariappa,30,Jamaica,72,Watford,€2.2M,€32K,32,2.2
D. Álvarez,22,Mexico,72,Necaxa,€4.2M,€9K,9,4.2
D. Moor,33,United States,72,Toronto FC,€1.3M,€6K,6,1.3
B. Oviedo,27,Costa Rica,72,Sunderland,€2.6M,€8K,8,2.6
M. Muñoz,37,Mexico,72,Puebla,€210K,€17K,17,210
A. Zaldívar,23,Mexico,72,Guadalajara,€4.2M,€33K,33,4.2
D. Guzman,27,Costa Rica,72,Portland Timbers,€2.9M,€6K,6,2.9
N. Calderón,28,Mexico,72,U.N.A.M.,€3.1M,€16K,16,3.1
R. Genevois,29,Haiti,72,SM Caen,€2.4M,€16K,16,2.4
A. Elis,21,Honduras,72,Houston Dynamo,€4.6M,€30K,30,4.6
C. Rodríguez,28,Mexico,72,Club León,€2.5M,€7K,7,2.5
K. Acosta,21,United States,72,FC Dallas,€4M,€5K,5,4
N. Rimando,38,United States,72,Real Salt Lake,€210K,€3K,3,210
R. Baca,27,Mexico,72,Cruz Azul,€2.9M,€19K,19,2.9
C. Sapong,28,United States,72,Philadelphia Union,€3.2M,€7K,7,3.2
V. Bernárdez,35,Honduras,72,San Jose Earthquakes,€725K,€4K,4,725
A. Wooten,27,United States,72,SV Sandhausen,€3.6M,€6K,6,3.6
C. Roldan,22,United States,72,Seattle Sounders FC,€3.7M,€5K,5,3.7
J. Gallardo,22,Mexico,72,U.N.A.M.,€4.3M,€14K,14,4.3
J. Medina,33,Mexico,71,Lobos de la BUAP,€1.4M,€16K,16,1.4
C. Ramirez,26,United States,71,Minnesota Thunder,€2.9M,€7K,7,2.9
D. Cabrera,27,Mexico,71,U.N.A.M.,€2.4M,€16K,16,2.4
A. Machado,32,Panama,71,Houston Dynamo,€1.4M,€6K,6,1.4
D. Guerrero,29,Mexico,71,Puebla,€1.8M,€33K,33,1.8
R. Matarrita,22,Costa Rica,71,New York City Football Club,€2.8M,€5K,5,2.8
K. Rowe,25,United States,71,New England Revolution,€3.1M,€6K,6,3.1
J. Agudelo,24,United States,71,New England Revolution,€3.1M,€6K,6,3.1
K. Lawrence,24,Jamaica,71,New York Red Bulls,€2.6M,€5K,5,2.6
D. Williams,28,United States,71,Huddersfield Town,€2.4M,€33K,33,2.4
R. Espinoza,30,Honduras,71,Sporting Kansas City,€2.2M,€7K,7,2.2
J. Bostock,25,Trinidad & Tobago,71,RC Lens,€3.1M,€7K,7,3.1
E. Álvarez,19,Mexico,71,Club América,€2.7M,€17K,17,2.7
K. Manneh,22,United States,71,Columbus Crew SC,€3.3M,€6K,6,3.3
F. Calvo,24,Costa Rica,71,Minnesota Thunder,€2.4M,€5K,5,2.4
G. Sandoval,21,Mexico,71,Santos Laguna,€3.4M,€12K,12,3.4
E. Horvath,22,United States,71,Club Brugge KV,€2.8M,€10K,10,2.8
J. Madueña,27,Mexico,71,Club Atlas,€2.2M,€14K,14,2.2
E. Juárez,29,Mexico,71,Monterrey,€1.8M,€33K,33,1.8
E. Aguirre,20,Mexico,71,Pachuca,€3.6M,€14K,14,3.6
M. Barragán,25,Mexico,71,Necaxa,€3M,€16K,16,3
C. Fierro,22,Mexico,71,Guadalajara,€3.2M,€33K,33,3.2
J. Morrow,29,United States,71,Toronto FC,€1.8M,€6K,6,1.8
P. Arriola,22,United States,71,D.C. United,€3.2M,€6K,6,3.2
C. Peña,27,Mexico,71,Rangers,€2.7M,€35K,35,2.7
P. Barrera,30,Mexico,71,U.N.A.M.,€2.2M,€16K,16,2.2
O. Alanís,28,Mexico,71,Guadalajara,€1.9M,€33K,33,1.9
C. Bolaños,33,Costa Rica,71,Vancouver Whitecaps FC,€1.4M,€7K,7,1.4
E. Torres,24,Mexico,71,Houston Dynamo,€3.1M,€6K,6,3.1
R. Quioto,25,Honduras,71,Houston Dynamo,€2.8M,€7K,7,2.8
O. Jiménez,28,Mexico,71,Club América,€1.7M,€27K,27,1.7
J. Jones,25,Trinidad & Tobago,71,Seattle Sounders FC,€2.4M,€6K,6,2.4
J. Silva,22,Mexico,71,Cruz Azul,€2.8M,€16K,16,2.8
F. Navarro,28,Mexico,71,Club León,€1.9M,€20K,20,1.9
E. López,22,Mexico,71,Guadalajara,€3.2M,€30K,30,3.2
J. Rivas,32,Mexico,71,Tiburones Rojos de Veracruz,€1.4M,€35K,35,1.4
R. López,24,Mexico,71,Pachuca,€2.6M,€16K,16,2.6
W. Trapp,24,United States,71,Columbus Crew SC,€2.5M,€5K,5,2.5
E. Herrera,28,Mexico,71,Rangers,€2.4M,€39K,39,2.4
M. Hector,24,Jamaica,71,Hull City,€2.8M,€7K,7,2.8
C. Wondolowski,34,United States,71,San Jose Earthquakes,€1.2M,€7K,7,1.2
B. Acosta,30,Costa Rica,71,SK Brann,€1.8M,€5K,5,1.8
A. Godoy,27,Panama,71,San Jose Earthquakes,€2.4M,€6K,6,2.4
D. Beasley,35,United States,71,Houston Dynamo,€500K,€4K,4,500
C. Salcido,37,Mexico,71,Guadalajara,€325K,€23K,23,325
M. Edu,31,United States,71,Philadelphia Union,€1.6M,€6K,6,1.6
S. Lletget,24,United States,71,LA Galaxy,€3M,€6K,6,3
E. García,27,Mexico,71,Pachuca,€2M,€19K,19,2
J. Morris,22,United States,71,Seattle Sounders FC,€3.7M,€6K,6,3.7
O. Pérez,44,Mexico,71,Pachuca,€160K,€9K,9,160
G. Zardes,25,United States,71,LA Galaxy,€2.9M,€7K,7,2.9
J. Rodríguez,37,Mexico,70,Monarcas Morelia,€240K,€10K,10,240
A. Sepúlveda,26,Mexico,70,Monarcas Morelia,€2.1M,€9K,9,2.1
H. Mier,27,Mexico,70,Querétaro,€1.7M,€32K,32,1.7
F. Rodríguez,35,Mexico,70,Lobos de la BUAP,€425K,€14K,14,425
A. Powell,22,Jamaica,70,Portland Timbers,€2M,€5K,5,2
R. Goreux,29,Haiti,70,Standard de Liège,€1.3M,€11K,11,1.3
L. Rodríguez,26,Mexico,70,Tigres U.A.N.L.,€1.8M,€35K,35,1.8
I. González,32,Mexico,70,Club León,€1M,€19K,19,1
E. Finlay,26,United States,70,Minnesota Thunder,€1.9M,€7K,7,1.9
G. Corral,26,Mexico,70,Querétaro,€1.7M,€8K,8,1.7
J. Villafaña,27,United States,70,Santos Laguna,€1.5M,€14K,14,1.5
E. Velarde,31,Mexico,70,Deportivo Toluca,€1.2M,€32K,32,1.2
J. Abella,23,Mexico,70,Santos Laguna,€2M,€12K,12,2
G. Zusi,30,United States,70,Sporting Kansas City,€1.3M,€6K,6,1.3
J. Cortés,27,Mexico,70,Santos Laguna,€1.8M,€16K,16,1.8
J. González,18,United States,70,Monterrey,€2.6M,€20K,20,2.6
T. Ream,29,United States,70,Fulham,€1.4M,€29K,29,1.4
U. Dávila,26,Mexico,70,Santos Laguna,€2.1M,€16K,16,2.1
J. Domínguez,29,Mexico,70,Cruz Azul,€1.4M,€20K,20,1.4
E. Trejo,27,Mexico,70,Querétaro,€2M,€9K,9,2
D. Cerén,27,El Salvador,70,San Jose Earthquakes,€1.5M,€6K,6,1.5
E. Lichaj,28,United States,70,Nottingham Forest,€1.4M,€20K,20,1.4
G. Gómez,33,Panama,70,Atlético Bucaramanga,€725K,€2K,2,725
M. Diskerud,26,United States,70,IFK Göteborg,€2.1M,€6K,6,2.1
Jona,28,Honduras,70,Córdoba CF,€1.8M,€10K,10,1.8
P. Kitchen,25,United States,70,Randers FC,€2M,€9K,9,2
S. Birnbaum,26,United States,70,D.C. United,€1.7M,€6K,6,1.7
G. Garza,25,United States,70,Atlanta United FC,€1.7M,€14K,14,1.7
R. Salinas,29,Mexico,70,Deportivo Toluca,€1.3M,€15K,15,1.3
A. Rocha,24,Mexico,70,Monarcas Morelia,€2.4M,€8K,8,2.4
E. Pérez,28,Mexico,70,Monarcas Morelia,€1.4M,€15K,15,1.4
D. Álvarez,38,Mexico,70,Tigres U.A.N.L.,€600K,€29K,29,600
W. Johnson,30,Canada,70,Orlando City Soccer Club,€1.6M,€7K,7,1.6
C. Giménez,36,Mexico,70,Cruz Azul,€600K,€15K,15,600
J. Zárate,25,Mexico,70,Monarcas Morelia,€2.2M,€8K,8,2.2
R. Torres,31,Panama,70,Seattle Sounders FC,€1.2M,€6K,6,1.2
R. Sawyers,25,St Kitts Nevis,70,Brentford,€2.2M,€29K,29,2.2
T. Parker,24,United States,70,Vancouver Whitecaps FC,€2M,€5K,5,2
D. Villalpando,25,Mexico,70,Necaxa,€2.2M,€20K,20,2.2
C. Guzmán,23,Mexico,69,Monarcas Morelia,€1.2M,€6K,6,1.2
J. Valenzuela,33,Mexico,69,Club Tijuana,€425K,€12K,12,425
G. Flores,31,Mexico,69,Cruz Azul,€700K,€16K,16,700
L. Hernández,31,Mexico,69,Necaxa,€700K,€8K,8,700
J. Rodríguez,24,Mexico,69,Club Tijuana,€950K,€18K,18,950
O. Onyewu,35,United States,69,Philadelphia Union,€250K,€4K,4,250
Z. Steffen,22,United States,69,Columbus Crew SC,€1.2M,€3K,3,1.2
A. Zamorano,23,Mexico,69,Querétaro,€1.3M,€6K,6,1.3
O. Hernández,24,Cuba,69,Eintracht Braunschweig,€1.4M,€13K,13,1.4
L. Silva,28,United States,69,Real Salt Lake,€1.1M,€6K,6,1.1
M. Bueno,23,Mexico,69,Monterrey,€1.5M,€17K,17,1.5
G. Hernández,24,Mexico,69,Tiburones Rojos de Veracruz,€1.4M,€25K,25,1.4
K. Jones,32,Trinidad & Tobago,69,Atlanta United FC,€850K,€6K,6,850
A. Saldívar,27,Mexico,69,U.N.A.M.,€850K,€10K,10,850
O. García,32,Honduras,69,Houston Dynamo,€825K,€5K,5,825
E. Zavaleta,24,United States,69,Toronto FC,€1.1M,€4K,4,1.1
C. Donaldson,33,Jamaica,69,Sheffield United,€650K,€27K,27,650
J. Corona,26,United States,69,Club Tijuana,€1.2M,€13K,13,1.2
W. Bruin,27,United States,69,Seattle Sounders FC,€1.1M,€6K,6,1.1
D. Gordon,32,Jamaica,69,Karlsruher SC,€600K,€1K,1,600
S. Piette,22,Canada,69,Montreal Impact,€1.3M,€4K,4,1.3
Y. Corona,29,Mexico,69,Club Tijuana,€825K,€12K,12,825
A. Aldrete,29,Mexico,69,Cruz Azul,€800K,€17K,17,800
I. Estrada,33,Mexico,69,Tigres U.A.N.L.,€400K,€30K,30,400
A. Farrell,25,United States,69,New England Revolution,€1.1M,€5K,5,1.1
L. Montes,31,Mexico,69,Club León,€900K,€17K,17,900
L. Robles,30,Mexico,69,Club Atlas,€775K,€12K,12,775
J. Beckford,33,Jamaica,69,Bury,€650K,€8K,8,650
J. Bendik,28,United States,69,Orlando City Soccer Club,€875K,€4K,4,875
B. Beckeles,31,Honduras,69,Necaxa,€700K,€8K,8,700
H. Martín,24,Mexico,69,Club Tijuana,€1.4M,€12K,12,1.4
D. Johnson,24,Jamaica,69,Preston North End,€1.4M,€8K,8,1.4
R. Miller,32,Costa Rica,69,Portland Timbers,€600K,€5K,5,600
H. Rodríguez,27,Mexico,69,Puebla,€1M,€16K,16,1
A. DeLaGarza,29,Guam,69,Houston Dynamo,€800K,€5K,5,800
V. Guzmán,22,Mexico,69,Pachuca,€1.5M,€14K,14,1.5
S. García,34,Mexico,69,Tiburones Rojos de Veracruz,€425K,€4K,4,425
S. Mustivar,27,Haiti,69,Sporting Kansas City,€1M,€5K,5,1
J. Sony Alcenat,31,Haiti,69,CD Feirense,€700K,€6K,6,700
J. Güemez,25,Mexico,69,Querétaro,€1.3M,€7K,7,1.3
L. Mendoza,27,Mexico,69,Club Tijuana,€1.1M,€13K,13,1.1
M. Delgado,22,United States,69,Toronto FC,€1.4M,€5K,5,1.4
S. Clark,31,United States,69,D.C. United,€650K,€4K,4,650
E. Lugo,32,Mexico,69,Querétaro,€825K,€32K,32,825
G. Lajud,23,Mexico,69,Club Tijuana,€1.1M,€8K,8,1.1
J. Torres,29,United States,69,Tigres U.A.N.L.,€825K,€31K,31,825
C. Esquivel,35,Mexico,69,Deportivo Toluca,€450K,€8K,8,450
J. Green,22,United States,69,SpVgg Greuther Fürth,€1.5M,€13K,13,1.5
G. Rodríguez,32,Mexico,69,Monarcas Morelia,€575K,€10K,10,575
E. Bennett,28,Jamaica,69,Blackburn Rovers,€1.1M,€9K,9,1.1
M. Ponce,28,Mexico,69,Necaxa,€825K,€28K,28,825
U. Luna,23,Mexico,69,Club Atlas,€1.5M,€31K,31,1.5
A. Maund,26,United States,69,Vancouver Whitecaps FC,€925K,€5K,5,925
O. Rojas,29,Mexico,69,Deportivo Toluca,€800K,€10K,10,800
J. Larentowicz,33,United States,68,Atlanta United FC,€375K,€5K,5,375
D. de Buen,25,Mexico,68,Santos Laguna,€1.1M,€12K,12,1.1
D. Toia,25,United States,68,Orlando City Soccer Club,€900K,€5K,5,900
T. Thompson,21,United States,68,San Jose Earthquakes,€1.3M,€4K,4,1.3
C. Duvall,25,United States,68,Montreal Impact,€875K,€5K,5,875
Steven Vitória,30,Canada,68,Lechia Gdańsk,€675K,€6K,6,675
L. García,19,Trinidad & Tobago,68,AZ Alkmaar,€1.4M,€5K,5,1.4
T. Deric,28,United States,68,Houston Dynamo,€750K,€4K,4,750
M. Orozco,31,United States,68,Club Tijuana,€575K,€12K,12,575
R. Clark,34,United States,68,Houston Dynamo,€425K,€5K,5,425
A. Alvarez,32,El Salvador,68,Chicago Fire Soccer Club,€700K,€5K,5,700
S. Johnson,28,United States,68,New York City Football Club,€775K,€4K,4,775
G. Ariyibi,22,United States,68,Milton Keynes Dons,€1.3M,€15K,15,1.3
D. Brown,26,Jamaica,68,D.C. United,€1.1M,€6K,6,1.1
C. Carter-Vickers,19,United States,68,Sheffield United,€1.7M,€20K,20,1.7
E. Izaguirre,31,Honduras,68,Al Fayha,€575K,€12K,12,575
J. Paganoni,28,Mexico,68,Tiburones Rojos de Veracruz,€700K,€6K,6,700
C. Pontius,29,United States,68,Philadelphia Union,€875K,€6K,6,875
S. Cronin,30,United States,68,Minnesota Thunder,€675K,€5K,5,675
S. Salinas,31,United States,68,San Jose Earthquakes,€775K,€5K,5,775
P. Araujo,29,Mexico,68,Puebla,€700K,€6K,6,700
E. Castillo,30,United States,68,Monterrey,€650K,€26K,26,650
E. Andrade,29,Mexico,68,Tiburones Rojos de Veracruz,€850K,€6K,6,850
S. Frei,31,United States,68,Seattle Sounders FC,€550K,€4K,4,550
M. Pérez,24,Mexico,68,Guadalajara,€1M,€23K,23,1
B. Vincent,23,United States,68,Chicago Fire Soccer Club,€1M,€4K,4,1
J. Van Rankin,24,Mexico,68,U.N.A.M.,€1M,€10K,10,1
W. Yarbrough,28,United States,68,Club León,€625K,€14K,14,625
K. Hyland,28,Trinidad & Tobago,68,Al Faisaly,€725K,€14K,14,725
S. Williams,27,United States,68,Vancouver Whitecaps FC,€750K,€5K,5,750
W. Francis,26,Costa Rica,68,Columbus Crew SC,€850K,€5K,5,850
R. Wallace,29,Costa Rica,68,New York City Football Club,€875K,€6K,6,875
C. Ramírez,24,Mexico,68,Club Atlas,€1.2M,€25K,25,1.2
M. Herrera,28,Mexico,68,Club León,€825K,€17K,17,825
P. Bernier,37,Canada,68,Montreal Impact,€280K,€4K,4,280
M. Ureña,27,Costa Rica,68,San Jose Earthquakes,€1M,€6K,6,1
A. Mendoza,23,Mexico,68,U.N.A.M.,€1M,€10K,10,1
M. Osuna,28,Mexico,68,Monarcas Morelia,€725K,€7K,7,725
M. Borjan,29,Canada,68,"",€0,€0.00,0.00,0
L. Noriega,32,Mexico,68,Querétaro,€675K,€7K,7,675
K. Kronholm,31,United States,68,Holstein Kiel,€550K,€6K,6,550
G. Torres,28,Panama,68,FC Lausanne-Sports,€925K,€9K,9,925
B. Acosta,23,Honduras,68,CD Tenerife,€1.1M,€5K,5,1.1
J. Zavala,29,Mexico,68,Monterrey,€700K,€28K,28,700
D. Lainez,17,Mexico,68,Club América,€1.8M,€16K,16,1.8
D. Edgar,30,Canada,68,Vancouver Whitecaps FC,€675K,€5K,5,675
J. Williams,29,United States,68,Columbus Crew SC,€700K,€5K,5,700
J. Amione,27,Mexico,68,Puebla,€1M,€6K,6,1
J. Osorio,25,Canada,68,Toronto FC,€1.2M,€5K,5,1.2
R. Rogers,30,United States,68,LA Galaxy,€650K,€5K,5,650
J. Vigón,25,Mexico,68,Club Atlas,€1.1M,€12K,12,1.1
J. Ruiz,23,Costa Rica,68,Al Fayha,€1.2M,€11K,11,1.2
R. Fennell,28,United States,68,Hallescher FC,€725K,€1K,1,725
Z. MacMath,25,United States,68,Colorado Rapids,€850K,€4K,4,850
C. Morales,37,Mexico,68,Lobos de la BUAP,€100K,€5K,5,100
V. Ulloa,25,Mexico,68,FC Dallas,€925K,€5K,5,925
A. Bono,23,United States,68,Toronto FC,€925K,€3K,3,925
G. Torres,19,Costa Rica,68,Club América,€1.2M,€16K,16,1.2
D. Bingham,27,United States,68,San Jose Earthquakes,€750K,€4K,4,750
M. Parkhurst,33,United States,68,Atlanta United FC,€375K,€5K,5,375
J. Gonzalez,22,United States,68,FC Dallas,€1.1M,€3K,3,1.1
M. Polster,24,United States,68,Chicago Fire Soccer Club,€975K,€4K,4,975
J. Isijara,27,Mexico,68,Necaxa,€950K,€9K,9,950
Y. Tejeda,25,Costa Rica,68,FC Lausanne-Sports,€1.1M,€7K,7,1.1
N. Hagglund,24,United States,68,Toronto FC,€1M,€4K,4,1
R. Ruíz,31,Mexico,68,Tiburones Rojos de Veracruz,€575K,€16K,16,575
H. Marín,24,Mexico,68,Guadalajara,€975K,€23K,23,975
M. Figueroa,34,Honduras,68,FC Dallas,€250K,€5K,5,250
M. Williams,26,Trinidad & Tobago,68,Colorado Rapids,€850K,€5K,5,850
O. Govea,21,Mexico,68,Royal Excel Mouscron,€1.1M,€6K,6,1.1
U. Rivas,21,Mexico,68,Santos Laguna,€1.4M,€10K,10,1.4
M. James,23,Canada,67,"",€0,€0.00,0.00,0
E. Hyndman,21,United States,67,Bournemouth,€1.5M,€26K,26,1.5
O. Rojas,35,Mexico,67,Puebla,€160K,€4K,4,160
J. Villarreal,23,United States,67,LA Galaxy,€1.1M,€5K,5,1.1
J. Gyau,24,United States,67,SG Sonnenhof Großaspach,€975K,€1K,1,975
S. Franklin,32,United States,67,D.C. United,€425K,€5K,5,425
H. Olvera,27,Mexico,67,Lobos de la BUAP,€700K,€5K,5,700
O. Occéan,35,Canada,67,Odds BK,€350K,€3K,3,350
K. Ellis,26,United States,67,Sporting Kansas City,€775K,€5K,5,775
J. Wicks,33,United States,67,IK Sirius,€375K,€2K,2,375
J. Leutwiler,28,Canada,67,Blackburn Rovers,€525K,€7K,7,525
A. Jackson-Hamel,23,Canada,67,Montreal Impact,€1.1M,€5K,5,1.1
B. Evans,32,United States,67,Seattle Sounders FC,€450K,€5K,5,450
M. Lampson,27,United States,67,Chicago Fire Soccer Club,€600K,€4K,4,600
T. Boyd,26,United States,67,SV Darmstadt 98,€975K,€16K,16,975
J. Ibarra,28,Mexico,67,Lobos de la BUAP,€750K,€6K,6,750
J. Watts,25,United States,67,Colorado Rapids,€800K,€5K,5,800
T. Bunbury,27,United States,67,New England Revolution,€900K,€6K,6,900
M. Hernández,34,Mexico,67,Tiburones Rojos de Veracruz,€300K,€4K,4,300
X. Báez,29,Mexico,67,Necaxa,€725K,€9K,9,725
V. Alvarado,24,United States,67,Santos Laguna,€850K,€10K,10,850
O. Mares,30,Mexico,67,Tiburones Rojos de Veracruz,€550K,€26K,26,550
D. Steres,26,United States,67,LA Galaxy,€800K,€5K,5,800
R. Vilchis,27,Mexico,67,Monarcas Morelia,€800K,€7K,7,800
K. Escamilla,23,Mexico,67,U.N.A.M.,€975K,€10K,10,975
M. Pérez,24,Mexico,67,Club América,€975K,€28K,28,975
D. Horst,31,United States,67,Real Salt Lake,€525K,€5K,5,525
L. Cavallini,24,Canada,67,Puebla,€1.1M,€6K,6,1.1
A. Escoboza,24,Mexico,67,Puebla,€1M,€11K,11,1
J. Venegas,28,Costa Rica,67,Minnesota Thunder,€775K,€6K,6,775
C. Valdez,33,Mexico,67,Tiburones Rojos de Veracruz,€450K,€7K,7,450
M. Wynne,31,United States,67,San Jose Earthquakes,€525K,€5K,5,525
S. Sinovic,30,United States,67,Sporting Kansas City,€550K,€5K,5,550
A. Cooper,29,Panama,67,Toronto FC,€725K,€6K,6,725
M. Ibarra,27,United States,67,Minnesota Thunder,€800K,€5K,5,800
T. Redding,20,United States,67,Orlando City Soccer Club,€975K,€4K,4,975
G. Barnes,28,Jamaica,67,Orlando City Soccer Club,€800K,€6K,6,800
J. Gómez,23,Mexico,67,Querétaro,€825K,€6K,6,825
R. Rubin,21,United States,67,Stabæk Fotball,€1.1M,€3K,3,1.1
J. Salas,23,Mexico,67,Club Atlas,€1.1M,€11K,11,1.1
E. Alvarado,28,Costa Rica,67,Trabzonspor,€525K,€14K,14,525
J. Jeffrey,27,United States,67,D.C. United,€750K,€5K,5,750
M. Grella,30,United States,67,New York Red Bulls,€725K,€5K,5,725
D. Phillips,33,Jamaica,67,Real Salt Lake,€290K,€5K,5,290
T. Beltran,29,United States,67,Real Salt Lake,€575K,€5K,5,575
S. Dawkins,29,Jamaica,67,San Jose Earthquakes,€750K,€6K,6,750
J. Anibaba,28,United States,67,Houston Dynamo,€625K,€5K,5,625
C. Irwin,28,United States,67,Toronto FC,€525K,€4K,4,525
J. Bornstein,32,United States,67,Querétaro,€425K,€7K,7,425
J. Nerwinski,22,United States,67,Vancouver Whitecaps FC,€875K,€4K,4,875
J. Harvey,33,United States,67,Vancouver Whitecaps FC,€290K,€5K,5,290
A. Kann,26,United States,67,Atlanta United FC,€625K,€4K,4,625
T. Akindele,25,Canada,67,FC Dallas,€950K,€6K,6,950
Q. Amarikwa,29,United States,67,San Jose Earthquakes,€750K,€6K,6,750
B. Shuttleworth,30,United States,67,Minnesota Thunder,€500K,€4K,4,500
F. Torres,34,Mexico,67,Puebla,€375K,€6K,6,375
C. Seitz,30,United States,67,FC Dallas,€500K,€4K,4,500
D. Toledo,35,Mexico,67,Puebla,€325K,€21K,21,325
B. Burling,32,United States,67,Colorado Rapids,€450K,€5K,5,450
C. Tierney,31,United States,67,New England Revolution,€500K,€5K,5,500
J. Núñez,34,Mexico,67,Club Tijuana,€220K,€12K,12,220
D. Powers,26,United States,67,Orlando City Soccer Club,€900K,€5K,5,900
H. Cid,25,Mexico,67,Tiburones Rojos de Veracruz,€775K,€5K,5,775
H. Jimenez,28,United States,67,Columbus Crew SC,€600K,€5K,5,600
T. McNamara,26,United States,66,New York City Football Club,€750K,€3K,3,750
T. Ricketts,29,Canada,66,Toronto FC,€650K,€3K,3,650
S. Carrasco,28,United States,66,Orlando City Soccer Club,€525K,€3K,3,525
A. Straith,26,Canada,66,Sportfreunde Lotte,€550K,€1K,1,550
B. Knighton,32,United States,66,New England Revolution,€375K,€2K,2,375
C. Lade,27,United States,66,New York Red Bulls,€600K,€2K,2,600
E. Hurtado,26,United States,66,Vancouver Whitecaps FC,€775K,€3K,3,775
A. Okugo,26,United States,66,Portland Timbers,€650K,€2K,2,650
B. Rowe,28,United States,66,LA Galaxy,€525K,€2K,2,525
M. Wassey,29,Canada,66,SC Paderborn 07,€625K,€1K,1,625
D. Acosta,19,United States,66,Real Salt Lake,€1.2M,€1K,1,1.2
D. Mattocks,26,Jamaica,66,Portland Timbers,€700K,€3K,3,700
T. Adams,18,United States,66,New York Red Bulls,€1.2M,€1K,1,1.2
J. Campbell,24,United States,66,Chicago Fire Soccer Club,€700K,€2K,2,700
A. Jacobson,31,United States,66,Vancouver Whitecaps FC,€425K,€2K,2,425
A. Zamora,25,Mexico,66,Puebla,€675K,€14K,14,675
A. Vega,19,Mexico,66,Deportivo Toluca,€1.4M,€3K,3,1.4
R. Hollingshead,26,United States,66,FC Dallas,€625K,€2K,2,625
B. Boswell,34,United States,66,Atlanta United FC,€200K,€2K,2,200
K. Rosenberry,23,United States,66,Philadelphia Union,€850K,€2K,2,850
I. Villaseñor,34,Mexico,66,Puebla,€260K,€2K,2,260
K. Fisher,23,United States,66,Montreal Impact,€725K,€2K,2,725
E. Pimentel,27,Mexico,66,Puebla,€550K,€13K,13,550
S. Caldwell,26,United States,66,New England Revolution,€775K,€3K,3,775
H. Shipp,25,United States,66,Seattle Sounders FC,€775K,€3K,3,775
L. Gooch,21,United States,66,Sunderland,€1M,€3K,3,1
A. Portales,21,Mexico,66,Monterrey,€750K,€10K,10,750
P. Sisniega,21,Mexico,66,Real Sociedad,€750K,€4K,4,750
C. Cropper,24,United States,66,New England Revolution,€700K,€2K,2,700
I. Harkes,22,United States,66,D.C. United,€1.1M,€2K,2,1.1
E. Reséndez,21,Mexico,66,Monterrey,€875K,€7K,7,875
O. Mendoza,28,Mexico,66,Cruz Azul,€500K,€8K,8,500
K. Sarkodie,26,United States,66,San Jose Earthquakes,€550K,€2K,2,550
J. Glad,20,United States,66,Real Salt Lake,€925K,€2K,2,925
C. Calvo,24,Mexico,66,Deportivo Toluca,€675K,€4K,4,675
A. Briseño,23,Mexico,66,CD Feirense,€725K,€3K,3,725
E. Alexander,29,United States,66,Houston Dynamo,€500K,€3K,3,500
F. Canales,30,Mexico,66,Lobos de la BUAP,€425K,€2K,2,425
S. O'Neill,23,United States,66,Excelsior,€775K,€3K,3,775
F. Acuña,29,Mexico,66,Puebla,€625K,€3K,3,625
C. Schuler,29,United States,66,Real Salt Lake,€500K,€3K,3,500
R. Teibert,24,Canada,66,Vancouver Whitecaps FC,€675K,€2K,2,675
D. Arreola,31,Mexico,66,Club Atlas,€425K,€6K,6,425
A. Tarbell,23,United States,66,San Jose Earthquakes,€650K,€2K,2,650
J. Attinella,28,United States,66,Portland Timbers,€550K,€2K,2,550
J. Barraza,26,Mexico,66,Club Atlas,€775K,€7K,7,775
O. Arce,27,Mexico,66,Necaxa,€750K,€15K,15,750
A. Hainault,31,Canada,66,1. FC Magdeburg,€425K,€1K,1,425
M. Viniegra,29,Mexico,66,Tiburones Rojos de Veracruz,€500K,€15K,15,500
B. Zemanski,29,United States,66,Portland Timbers,€500K,€3K,3,500
C. Myers,29,United States,66,Portland Timbers,€475K,€3K,3,475
B. Shea,27,United States,66,Vancouver Whitecaps FC,€675K,€3K,3,675
A. Long,24,United States,66,New York Red Bulls,€775K,€2K,2,775
M. Marshall,30,Jamaica,66,Charlton Athletic,€600K,€4K,4,600
U. Antuna,19,Mexico,66,FC Groningen,€1.2M,€2K,2,1.2
R. Edwards,21,Canada,66,Toronto FC,€1.2M,€2K,2,1.2
M. Hairston,23,United States,66,Colorado Rapids,€825K,€2K,2,825
C. Dean,24,United States,66,Chicago Fire Soccer Club,€700K,€2K,2,700
S. Moore,20,United States,66,Levante UD,€900K,€5K,5,900
J. Placide,29,Haiti,66,Oldham Athletic,€425K,€2K,2,425
O. Vera,31,Mexico,66,Tiburones Rojos de Veracruz,€575K,€3K,3,575
A. Crognale,22,United States,66,Columbus Crew SC,€825K,€2K,2,825
A. Blanco,29,Mexico,66,Pachuca,€425K,€7K,7,425
M. Domínguez,17,Mexico,66,Monterrey,€850K,€8K,8,850
A. Harris,32,St Kitts Nevis,66,FC Dallas,€350K,€2K,2,350
O. Rodríguez,20,Mexico,66,Club León,€975K,€6K,6,975
J. Enríquez,26,Mexico,66,Santos Laguna,€675K,€13K,13,675
B. Carroll,35,United States,66,Philadelphia Union,€150K,€2K,2,150
C. Warner,29,United States,66,Minnesota Thunder,€500K,€3K,3,500
E. Bush,31,United States,66,Montreal Impact,€400K,€2K,2,400
L. Quintana,25,Mexico,66,U.N.A.M.,€650K,€5K,5,650
K. Opare,26,United States,66,D.C. United,€625K,€2K,2,625
H. Cummings,25,Panama,66,San Jose Earthquakes,€725K,€2K,2,725
F. Alashe,23,United States,66,San Jose Earthquakes,€725K,€2K,2,725
S. Davis,24,United States,66,New York Red Bulls,€900K,€2K,2,900
T. Kemp,26,United States,66,D.C. United,€625K,€2K,2,625
M. de Jong,30,Canada,66,Vancouver Whitecaps FC,€475K,€2K,2,475
J. Willis,28,United States,66,Houston Dynamo,€550K,€2K,2,550
J. Martínez,30,Mexico,66,Pachuca,€475K,€8K,8,475
C. Davies,31,United States,66,Philadelphia Union,€575K,€3K,3,575
M. Jiménez,36,Mexico,66,Querétaro,€90K,€2K,2,90
S. Abdul-Salaam,25,United States,66,Sporting Kansas City,€675K,€2K,2,675
S. Cummings,28,Jamaica,66,Rotherham United,€500K,€4K,4,500
D. Jaković,31,Canada,66,"",€0,€0.00,0.00,0
D. Henry,24,Canada,66,West Ham United,€750K,€17K,17,750
G. Venegas,33,Mexico,66,Puebla,€260K,€3K,3,260
R. Cisneros,20,Mexico,66,Santos Laguna,€1.3M,€5K,5,1.3
D. Remick,26,United States,66,Houston Dynamo,€625K,€2K,2,625
S. Francis,30,Jamaica,65,Montreal Impact,€400K,€2K,2,400
D. Lovitz,25,United States,65,Montreal Impact,€475K,€2K,2,475
M. Sansores,26,Mexico,65,Monarcas Morelia,€650K,€4K,4,650
J. Kiesewetter,24,United States,65,Fortuna Düsseldorf,€725K,€7K,7,725
R. Marquez,25,United States,65,Philadelphia Union,€575K,€2K,2,575
A. García,25,Mexico,65,U.N.A.M.,€575K,€5K,5,575
L. Gil,23,United States,65,Colorado Rapids,€700K,€3K,3,700
R. Allen,27,United States,65,New York City Football Club,€500K,€2K,2,500
C. Wingert,35,United States,65,Real Salt Lake,€120K,€2K,2,120
D. Serna,23,United States,65,Colorado Rapids,€750K,€2K,2,750
K. Ford,21,United States,65,Colorado Rapids,€850K,€2K,2,850
F. Ortíz,24,Mexico,65,Monarcas Morelia,€725K,€3K,3,725
J. Hamilton,21,Canada,65,Toronto FC,€825K,€2K,2,825
B. Garnica,21,Mexico,65,Club Atlas,€925K,€5K,5,925
S. Okoli,24,United States,65,New York City Football Club,€775K,€3K,3,775
F. Escobar,22,Panama,65,New York Red Bulls,€625K,€2K,2,625
E. Palmer-Brown,20,United States,65,Sporting Kansas City,€1.1M,€2K,2,1.1
J. McCarthy,24,United States,65,Philadelphia Union,€550K,€2K,2,550
J. Grant,29,Jamaica,65,Plymouth Argyle,€525K,€4K,4,525
G. Allison,26,Mexico,65,Cruz Azul,€425K,€6K,6,425
F. Picault,26,United States,65,Philadelphia Union,€625K,€3K,3,625
M. Jiménez,27,Mexico,65,Guadalajara,€450K,€10K,10,450
J. Aguilar,22,Panama,65,Estoril Praia,€750K,€3K,3,750
A. Acosta,29,Mexico,65,Tigres U.A.N.L.,€400K,€15K,15,400
B. Kallman,26,United States,65,Minnesota Thunder,€475K,€2K,2,475
J. Cox,23,Panama,65,Envigado FC,€800K,€1K,1,800
Z. Valentin,25,United States,65,Portland Timbers,€550K,€2K,2,550
B. Lennon,19,United States,65,Real Salt Lake,€950K,€15K,15,950
B. Figueroa,18,Mexico,65,U.N.A.M.,€725K,€4K,4,725
K. Alston,29,United States,65,Orlando City Soccer Club,€400K,€3K,3,400
D. Jiménez,28,Mexico,65,Lobos de la BUAP,€550K,€3K,3,550
L. Esqueda,36,Mexico,65,Querétaro,€60K,€2K,2,60
C. Cato,24,Trinidad & Tobago,65,San Jose Earthquakes,€575K,€2K,2,575
R. Godínez,24,Mexico,65,Lobos de la BUAP,€625K,€2K,2,625
L. Martínez,30,Mexico,65,Tiburones Rojos de Veracruz,€500K,€3K,3,500
G. Zelalem,20,United States,65,Arsenal,€875K,€18K,18,875
S. Adekugbe,22,Canada,65,IFK Göteborg,€650K,€2K,2,650
D. Payne,21,United States,65,Excelsior,€650K,€2K,2,650
E. Palos,31,Mexico,65,Tigres U.A.N.L.,€325K,€12K,12,325
M. Petrasso,21,Canada,65,Queens Park Rangers,€800K,€6K,6,800
C. Gutiérrez,27,Mexico,65,Puebla,€500K,€3K,3,500
D. Jones,20,United States,65,Philadelphia Union,€825K,€2K,2,825
R. Gaddis,27,United States,65,Philadelphia Union,€450K,€2K,2,450
J. Leitón,23,Costa Rica,65,Minnesota Thunder,€700K,€2K,2,700
L. López,23,Mexico,65,Club León,€700K,€7K,7,700
J. Gatt,25,United States,65,Colorado Rapids,€650K,€3K,3,650
P. Mullins,25,United States,65,D.C. United,€700K,€3K,3,700
P. Jaquez,21,Mexico,65,U.N.A.M.,€825K,€4K,4,825
Z. Loyd,29,United States,65,Atlanta United FC,€425K,€3K,3,425
J. Campbell-Ryce,34,Jamaica,65,Barnet,€270K,€4K,4,270
J. Yueill,20,United States,65,San Jose Earthquakes,€750K,€2K,2,750
M. Burch,33,United States,65,Minnesota Thunder,€210K,€2K,2,210
K. Álvarez,25,Mexico,65,Tiburones Rojos de Veracruz,€575K,€2K,2,575
A. Tamay,24,Mexico,65,Lobos de la BUAP,€750K,€14K,14,750
A. Fernández,29,Mexico,65,Necaxa,€375K,€12K,12,375
J. González,25,Mexico,65,Necaxa,€575K,€4K,4,575
E. Miller,24,United States,65,Colorado Rapids,€575K,€2K,2,575
L. Neagle,30,United States,65,Seattle Sounders FC,€500K,€3K,3,500
P. Pomykal,17,United States,65,FC Dallas,€725K,€2K,2,725
A. Díaz,21,Mexico,65,Club América,€775K,€12K,12,775
L. Woodberry,26,United States,65,New England Revolution,€525K,€2K,2,525
J. Forte,30,Barbados,65,Notts County,€525K,€7K,7,525
E. Alaffita,20,Mexico,64,Necaxa,€550K,€3K,3,550
B. Hines-Ike,22,United States,64,Örebro SK,€550K,€2K,2,550
L. Walker,29,Gibraltar,64,Notts County,€425K,€6K,6,425
M. Murillo,21,Panama,64,New York Red Bulls,€500K,€2K,2,500
A. Escoto,24,Mexico,64,Lobos de la BUAP,€625K,€3K,3,625
E. Orrantía,26,Mexico,64,Club América,€450K,€6K,6,450
R. López,30,United States,64,Deportivo Toluca,€425K,€5K,5,425
A. Pierre,24,Grenada,64,Northampton Town,€600K,€2K,2,600
R. Sánchez,23,Mexico,64,Chicago Fire Soccer Club,€525K,€2K,2,525
A. Wenger,26,United States,64,Houston Dynamo,€475K,€3K,3,475
J. McInerney,24,United States,64,LA Galaxy,€550K,€3K,3,550
C. Treviño,24,Mexico,64,Lobos de la BUAP,€500K,€5K,5,500
M. Benítez,21,Mexico,64,Guadalajara,€1M,€12K,12,1
M. Tall,21,United States,64,Tours FC,€650K,€2K,2,650
A. Kovar,23,United States,64,Seattle Sounders FC,€600K,€2K,2,600
N. Smith,30,Jamaica,64,Yeovil Town,€325K,€3K,3,325
J. Taylor,32,Jamaica,64,Minnesota Thunder,€260K,€2K,2,260
A. Morgan,26,Canada,64,Toronto FC,€425K,€2K,2,425
L. Sánchez,27,Mexico,64,Alianza Petrolera,€350K,€1K,1,350
R. Clarke,24,Panama,64,Boavista FC,€600K,€3K,3,600
M. Salazar,24,Belize,64,Montreal Impact,€600K,€2K,2,600
L. Pérez,28,Mexico,64,Necaxa,€450K,€4K,4,450
T. Alfaro,24,Mexico,64,Seattle Sounders FC,€500K,€2K,2,500
R. Garcia,28,United States,64,LA Galaxy,€375K,€3K,3,375
R. Canouse,22,United States,64,D.C. United,€625K,€2K,2,625
J. Peterson,31,United States,64,Atlanta United FC,€400K,€3K,3,400
S. Wiseman,31,Gibraltar,64,Chesterfield,€300K,€5K,5,300
M. Lopez,24,United States,64,New York City Football Club,€525K,€2K,2,525
M. George,23,Costa Rica,64,Lyngby BK,€625K,€4K,4,625
D. Andrade,23,Mexico,64,Santos Laguna,€500K,€5K,5,500
O. Fisher,25,Jamaica,64,Seattle Sounders FC,€450K,€2K,2,450
G. Aguirre,21,Mexico,64,Club Atlas,€575K,€4K,4,575
A. Guido,23,United States,64,Club Tijuana,€625K,€5K,5,625
J. Smith,25,United States,64,New England Revolution,€525K,€2K,2,525
J. Davis,29,United States,64,Minnesota Thunder,€350K,€3K,3,350
M. de Luna,29,Mexico,64,Necaxa,€350K,€13K,13,350
J. Watson,33,Jamaica,64,New England Revolution,€170K,€2K,2,170
O. Rincón,31,Mexico,64,Lobos de la BUAP,€300K,€3K,3,300
J. García Sancho,22,Mexico,64,Lobos de la BUAP,€525K,€7K,7,525
D. Stanese,23,Canada,64,VfR Aalen,€500K,€1K,1,500
C. Acevedo,21,Mexico,64,Santos Laguna,€450K,€3K,3,450
W. Lefèvre,27,Canada,64,Montreal Impact,€375K,€2K,2,375
D. Holmes,22,United States,64,Scunthorpe United,€600K,€3K,3,600
S. Jackson,30,Canada,64,Walsall,€425K,€4K,4,425
A. Gordon,35,United States,64,Colorado Rapids,€210K,€2K,2,210
P. Arce,25,Mexico,64,Club América,€575K,€13K,13,575
Q. Westberg,31,United States,64,AJ Auxerre,€270K,€2K,2,270
N. Lima,22,United States,64,San Jose Earthquakes,€500K,€2K,2,500
A. Stringel,29,Mexico,64,Alianza Petrolera,€350K,€1K,1,350
A. Muyl,21,United States,64,New York Red Bulls,€625K,€2K,2,625
C. Barrett,32,United States,64,Real Salt Lake,€350K,€3K,3,350
Y. Urbina,34,Mexico,64,Monarcas Morelia,€180K,€12K,12,180
B. Stuver,26,United States,64,Columbus Crew SC,€400K,€2K,2,400
J. Chapman,23,Canada,64,Toronto FC,€650K,€2K,2,650
F. Aird,22,Canada,64,"",€0,€0.00,0.00,0
B. Magaña,23,United States,64,U.N.A.M.,€475K,€4K,4,475
K. Tribbett,25,United States,64,Philadelphia Union,€450K,€2K,2,450
F. Brown Forbes,25,Costa Rica,64,Amkar Perm,€475K,€6K,6,475
C. Korb,29,United States,64,D.C. United,€350K,€3K,3,350
A. Acosta,20,Mexico,64,U.N.A.M.,€800K,€5K,5,800
A. Jahn,26,United States,64,Columbus Crew SC,€500K,€3K,3,500
J. Basulto,25,Mexico,64,Guadalajara,€475K,€12K,12,475
B. Sweat,25,United States,64,New York City Football Club,€475K,€2K,2,475
D. Vega,24,Costa Rica,64,SK Brann,€575K,€2K,2,575
S. Zizzo,30,United States,63,New York Red Bulls,€270K,€2K,2,270
J. Sánchez,19,Mexico,63,Santos Laguna,€475K,€2K,2,475
E. Zaldívar,20,Mexico,63,Club Atlas,€500K,€3K,3,500
M. Haber,28,Canada,63,Dundee FC,€375K,€2K,2,375
R. Gall,22,United States,63,GIF Sundsvall,€625K,€1K,1,625
C. Vargas,18,Mexico,63,Club América,€525K,€4K,4,525
D. Duka,27,United States,63,New York Red Bulls,€375K,€2K,2,375
N. DeLeon,26,United States,63,D.C. United,€325K,€2K,2,325
M. Farfan,18,United States,63,Portland Timbers,€500K,€1K,1,500
L. Olascoaga,25,Mexico,63,Lobos de la BUAP,€450K,€2K,2,450
E. Chávez,30,Mexico,63,Monarcas Morelia,€270K,€2K,2,270
C. González,25,Mexico,63,Club León,€500K,€6K,6,500
G. Burón,23,Mexico,63,Club América,€400K,€7K,7,400
R. González,22,Mexico,63,U.N.A.M.,€525K,€3K,3,525
B. Vazquez,18,United States,63,Atlanta United FC,€675K,€1K,1,675
T. Worra,24,United States,63,D.C. United,€325K,€1K,1,325
A. Rocha,23,United States,63,Orlando City Soccer Club,€425K,€1K,1,425
D. Chávez,22,Mexico,63,Tiburones Rojos de Veracruz,€425K,€1K,1,425
J. Castillo,22,Mexico,63,U.N.A.M.,€375K,€3K,3,375
B. Jamieson IV,20,United States,63,LA Galaxy,€650K,€2K,2,650
P. Doody,25,United States,63,Chicago Fire Soccer Club,€375K,€2K,2,375
J. Kempin,24,United States,63,LA Galaxy,€350K,€1K,1,350
W. McKennie,18,United States,63,FC Schalke 04,€750K,€4K,4,750
C. Martinez,20,Panama,63,Columbus Crew SC,€550K,€1K,1,550
S. Barry,27,United States,63,Korona Kielce,€375K,€1K,1,375
M. Centeno,27,Mexico,63,Deportivo Toluca,€300K,€3K,3,300
R. Rivas,18,Honduras,63,Brescia,€575K,€6K,6,575
L. Béland-Goyette,21,Canada,63,Montreal Impact,€500K,€1K,1,500
R. Cota,21,Mexico,63,Cruz Azul,€600K,€4K,4,600
R. Miller,25,Panama,63,Atletico Nacional Medellin,€425K,€1K,1,425
C. Rolfe,34,United States,63,D.C. United,€190K,€2K,2,190
W. Hume,23,United States,63,FC Dallas,€425K,€1K,1,425
K. Shelton,24,United States,63,New York City Football Club,€500K,€2K,2,500
M. Bloom,29,United States,63,Atlanta United FC,€280K,€2K,2,280
J. McBean,22,United States,63,LA Galaxy,€600K,€2K,2,600
D. Carvajal,28,Costa Rica,63,Albacete Balompié,€260K,€2K,2,260
E. White,26,United States,63,New York City Football Club,€325K,€2K,2,325
D. Smith,26,United States,63,New England Revolution,€425K,€2K,2,425
D. Romney,24,United States,63,LA Galaxy,€425K,€1K,1,425
M. Harrington,31,United States,63,Chicago Fire Soccer Club,€240K,€2K,2,240
A. López,19,Mexico,63,Monterrey,€575K,€6K,6,575
A. Horwath,30,United States,62,SK Brann,€190K,€1K,1,190
B. Rubio,20,Mexico,62,Tigres U.A.N.L.,€450K,€9K,9,450
J. Donacien,23,St Lucia,62,Accrington Stanley,€350K,€2K,2,350
D. Orgill,27,Jamaica,62,Wolfsberger AC,€350K,€3K,3,350
A. Mayorga,20,Mexico,62,Guadalajara,€600K,€6K,6,600
A. Carleton,17,United States,62,Atlanta United FC,€600K,€1K,1,600
M. Crépeau,23,Canada,62,Montreal Impact,€325K,€1K,1,325
D. Yao,27,United States,62,SV Meppen,€325K,€1K,1,325
D. Cortés,19,Mexico,62,Guadalajara,€575K,€4K,4,575
A. Arellano,22,Mexico,62,Querétaro,€400K,€2K,2,400
R. Leal,20,Costa Rica,62,KV Mechelen,€475K,€2K,2,475
J. Sartiaguin,23,Mexico,62,Deportivo Toluca,€350K,€3K,3,350
A. Guillen,24,Mexico,62,FC Dallas,€350K,€1K,1,350
A. Zamudio,19,Mexico,62,U.N.A.M.,€650K,€2K,2,650
E. Torres,19,Mexico,62,Guadalajara,€475K,€5K,5,475
M. Ambrose,23,United States,62,Atlanta United FC,€325K,€1K,1,325
C. Nava,22,Mexico,62,Club Atlas,€450K,€4K,4,450
B. Lozano,20,Mexico,62,U.N.A.M.,€675K,€4K,4,675
T. Chencinski,32,Canada,62,Shamrock Rovers,€170K,€1K,1,170
M. Rodríguez,23,United States,62,SG Sonnenhof Großaspach,€425K,€1K,1,425
L. Martínez,22,Mexico,62,Tigres U.A.N.L.,€400K,€8K,8,400
N. Smith,22,United States,62,LA Galaxy,€350K,€1K,1,350
C. Cercado,28,Mexico,62,Lobos de la BUAP,€240K,€2K,2,240
M. Camargo,23,Panama,62,New York City Football Club,€425K,€2K,2,425
D. Choinière,20,Canada,62,Montreal Impact,€525K,€1K,1,525
D. Etienne Jr.,20,Haiti,62,New York Red Bulls,€500K,€2K,2,500
C. Porter,24,United States,62,Sporting Kansas City,€400K,€2K,2,400
E. Klenofsky,22,United States,62,D.C. United,€375K,€1K,1,375
A. Dykstra,31,United States,62,Sporting Kansas City,€180K,€1K,1,180
P. Yrizar,19,Mexico,62,Querétaro,€400K,€2K,2,400
M. Rodriguez,21,United States,62,Houston Dynamo,€575K,€2K,2,575
J. Delgadillo,23,Mexico,62,Deportivo Toluca,€375K,€3K,3,375
C. Stanko,23,United States,62,SC Freiburg,€350K,€4K,4,350
T. Miller,24,United States,62,Seattle Sounders FC,€325K,€1K,1,325
M. Robinson,20,United States,62,Atlanta United FC,€475K,€1K,1,475
K. Piedrahita,26,United States,62,La Equidad,€270K,€1K,1,270
M. Van Oekel,30,United States,62,Real Salt Lake,€190K,€1K,1,190
J. Matt,27,Jamaica,62,Grimsby Town,€350K,€2K,2,350
C. Humphrey,29,Jamaica,62,Bury,€300K,€2K,2,300
E. Tercero,21,Mexico,62,Lobos de la BUAP,€525K,€1K,1,525
O. Gaines,19,United States,62,SV Darmstadt 98,€650K,€3K,3,650
S. Blancas,29,Mexico,62,Tigres FC,€300K,€1K,1,300
K. Reynish,33,United States,62,Atlanta United FC,€150K,€1K,1,150
A. Lassiter,22,Costa Rica,62,LA Galaxy,€475K,€2K,2,475
G. Arteaga,18,Mexico,62,Santos Laguna,€375K,€2K,2,375
H. Wingo,21,United States,62,Seattle Sounders FC,€450K,€1K,1,450
J. Estrada,19,Mexico,61,Club Atlas,€375K,€1K,1,375
K. Garcia,26,United States,61,Houston Dynamo,€260K,€2K,2,260
B. Meredith,27,United States,61,Seattle Sounders FC,€200K,€1K,1,200
R. Torres,20,Mexico,61,Tigres U.A.N.L.,€550K,€8K,8,550
B. Galindo,18,Mexico,61,Guadalajara,€475K,€4K,4,475
V. Milke,22,Mexico,61,Querétaro,€325K,€2K,2,325
C. Maloney,22,United States,61,Columbus Crew SC,€270K,€1K,1,270
E. Edwards Jr.,25,United States,61,Orlando City Soccer Club,€250K,€1K,1,250
F. Beltrán,19,Mexico,61,Guadalajara,€525K,€5K,5,525
J. Lewis,20,United States,61,New York City Football Club,€550K,€2K,2,550
K. Venegas,27,United States,61,Minnesota Thunder,€210K,€2K,2,210
P. Da Silva,18,United States,61,Orlando City Soccer Club,€525K,€1K,1,525
J. García,22,Mexico,61,Deportivo Toluca,€325K,€4K,4,325
T. Robinson,28,Jamaica,61,Southend United,€260K,€2K,2,260
M. Pelosi,23,United States,61,San Jose Earthquakes,€350K,€2K,2,350
J. Torres,17,United States,61,Sporting Lokeren,€450K,€1K,1,450
J. Klinsmann,20,United States,61,Hertha BSC Berlin,€450K,€3K,3,450
Y. Gutiérrez,36,Mexico,61,Necaxa,€30K,€1K,1,30
M. Laínez,21,Mexico,61,Club León,€425K,€4K,4,425
A. Obinwa,20,United States,61,Columbus Crew SC,€350K,€1K,1,350
R. Okunorobo,28,Mexico,61,Lobos de la BUAP,€200K,€2K,2,200
A. Benítez,21,Mexico,61,Deportivo Toluca,€300K,€2K,2,300
H. Wright,19,United States,61,SV Sandhausen,€550K,€4K,4,550
L. Chávez,21,Mexico,61,Club Tijuana,€375K,€3K,3,375
J. Calistri,23,United States,61,Chicago Fire Soccer Club,€350K,€2K,2,350
C. Torres,21,Mexico,61,Club León,€350K,€4K,4,350
K. Magaña,19,Mexico,61,Guadalajara,€550K,€6K,6,550
Z. Tsiskaridze,30,United States,61,AFC Eskilstuna,€190K,€1K,1,190
S. Richey,25,United States,61,Vancouver Whitecaps FC,€240K,€1K,1,240
D. Johnson,21,United States,61,Chicago Fire Soccer Club,€325K,€1K,1,325
J. Ebobisse,20,United States,61,Portland Timbers,€550K,€2K,2,550
J. Allen,22,United States,61,Real Salt Lake,€425K,€2K,2,425
V. Zúñiga,21,Mexico,61,Cruz Azul,€400K,€5K,5,400
J. Schmidt,23,United States,61,Real Salt Lake,€290K,€1K,1,290
N. Gómez,19,Mexico,61,Pachuca,€375K,€4K,4,375
E. Cedillo,21,Mexico,61,Club América,€350K,€6K,6,350
C. Horton,22,United States,61,D.C. United,€300K,€1K,1,300
J. Stertzer,26,United States,61,New York City Football Club,€300K,€2K,2,300
A. Cervantes,19,Mexico,60,Club León,€400K,€3K,3,400
J. Ibarra,21,Mexico,60,Tigres U.A.N.L.,€325K,€6K,6,325
M. Bustos,21,Canada,60,Vancouver Whitecaps FC,€300K,€1K,1,300
B. Swanson,19,United States,60,Columbus Crew SC,€350K,€1K,1,350
A. García,21,Mexico,60,Deportivo Toluca,€280K,€2K,2,280
S. Saucedo,20,United States,60,Real Salt Lake,€325K,€1K,1,325
J. Durán,20,Mexico,60,Club León,€350K,€3K,3,350
A. Faustin,20,Haiti,60,SV Zulte-Waregem,€350K,€2K,2,350
J. Firpo,20,Dominican Republic,60,Real Betis Balompié,€290K,€2K,2,290
R. Sprangers,19,Haiti,60,NAC Breda,€400K,€1K,1,400
Z. Mathers,23,United States,60,Seattle Sounders FC,€280K,€1K,1,280
S. Gomez,20,Trinidad & Tobago,60,New York City Football Club,€260K,€1K,1,260
K. Scott,19,United States,60,Chelsea,€450K,€7K,7,450
J. Greenspan,24,United States,60,Minnesota Thunder,€230K,€1K,1,230
A. Peláez,23,Mexico,60,Cruz Azul,€210K,€3K,3,210
M. Kaye,22,Canada,60,"",€0,€0.00,0.00,0
C. Seiler,23,United States,60,Vancouver Whitecaps FC,€230K,€1K,1,230
J. Berner,26,United States,60,Colorado Rapids,€190K,€1K,1,190
R. Peña,25,Mexico,60,Querétaro,€210K,€2K,2,210
J. Álvarez,21,Mexico,60,Monterrey,€290K,€5K,5,290
G. Alcalá,24,Mexico,60,Querétaro,€200K,€1K,1,200
C. Odoi-Atsem,22,United States,60,D.C. United,€240K,€1K,1,240
B. Aubrey,22,United States,60,Toronto FC,€250K,€1K,1,250
T. Figueroa,18,Mexico,60,Pachuca,€425K,€1K,1,425
B. Allen,23,United States,60,Minnesota Thunder,€300K,€1K,1,300
R. Dunk,23,United States,60,Real Salt Lake,€270K,€1K,1,270
J. Morias,21,Jamaica,60,Peterborough United,€350K,€2K,2,350
G. Clemens,28,Mexico,60,Lobos de la BUAP,€210K,€2K,2,210
M. Epps,22,United States,60,Philadelphia Union,€325K,€1K,1,325
M. Bean,33,Jamaica,60,Wycombe Wanderers,€120K,€3K,3,120
M. Rodríguez,21,Mexico,60,Santos Laguna,€290K,€2K,2,290
A. López,21,Mexico,60,Guadalajara,€325K,€5K,5,325
C. Rosel,21,Mexico,60,Club América,€375K,€5K,5,375
C. Zamora,21,Mexico,60,Guadalajara,€290K,€5K,5,290
E. García,19,Mexico,60,Club Atlas,€350K,€2K,2,350
U. Tavares,24,Mexico,60,Patriotas Boyacá FC,€280K,€1K,1,280
R. Alvarado,18,Mexico,60,Necaxa,€290K,€1K,1,290
D. Nazon,23,Haiti,60,Coventry City,€300K,€6K,6,300
D. Mejía,33,Mexico,60,Monarcas Morelia,€120K,€2K,2,120
S. Adekoya,21,United States,60,Seattle Sounders FC,€300K,€1K,1,300
J. Cruz,18,Mexico,59,Tigres U.A.N.L.,€220K,€4K,4,220
J. Celaya,18,Mexico,59,Tigres U.A.N.L.,€260K,€4K,4,260
J. Robinson,23,United States,59,D.C. United,€180K,€1K,1,180
D. Parra,17,Mexico,59,Monterrey,€270K,€3K,3,270
I. Zamora,21,Mexico,59,Deportivo Toluca,€230K,€2K,2,230
E. Sánchez,17,Mexico,59,Pachuca,€300K,€3K,3,300
R. Marín,19,Mexico,59,Club América,€325K,€5K,5,325
L. Amador,21,Mexico,59,Club América,€210K,€5K,5,210
I. Young,19,United States,59,Werder Bremen II,€325K,€1K,1,325
C. Craft,20,United States,59,FC Dallas,€280K,€1K,1,280
A. Zendejas,21,United States,59,Sporting Kansas City,€220K,€1K,1,220
R. Kristo,24,United States,59,VfL Osnabrück,€220K,€1K,1,220
M. Abundiz,21,Mexico,59,Deportivo Toluca,€230K,€2K,2,230
S. Reyes,19,Mexico,59,Monarcas Morelia,€325K,€1K,1,325
D. Metzger,23,United States,59,New York Red Bulls,€210K,€1K,1,210
L. García,24,Mexico,59,Deportivo Toluca,€150K,€1K,1,150
A. Arce,20,Mexico,59,U.N.A.M.,€230K,€3K,3,230
A. Najem,22,United States,59,Philadelphia Union,€240K,€1K,1,240
C. Iwasa,23,United States,59,Sporting Kansas City,€220K,€1K,1,220
P. López,19,Mexico,59,Pachuca,€270K,€2K,2,270
E. Ayala,21,Mexico,59,Pachuca,€240K,€4K,4,240
R. Mendiola,23,Mexico,59,LA Galaxy,€280K,€1K,1,280
S. Camargo,22,Canada,59,Toronto FC,€200K,€1K,1,200
J. Villalpando,32,Mexico,59,Lobos de la BUAP,€90K,€1K,1,90
B. Wright,22,Canada,59,New England Revolution,€230K,€1K,1,230
A. Peña,21,Mexico,59,Pachuca,€240K,€3K,3,240
D. Conner,23,United States,59,Chicago Fire Soccer Club,€200K,€1K,1,200
J. Godínez,20,Mexico,59,Guadalajara,€350K,€6K,6,350
C. Calvert,20,United States,59,Colorado Rapids,€260K,€1K,1,260
B. Nana-Sinkam,22,United States,59,Seattle Sounders FC,€190K,€1K,1,190
L. Callahan,23,United States,59,Colorado Rapids,€190K,€1K,1,190
E. Kronberg,33,United States,59,Montreal Impact,€80K,€1K,1,80
M. Corboz,22,United States,59,MSV Duisburg,€190K,€1K,1,190
K. Stamatopoulos,37,Canada,59,AIK Solna,€10K,€1K,1,10
J. Macías,17,Mexico,59,Guadalajara,€300K,€5K,5,300
A. Trusty,18,United States,59,Philadelphia Union,€290K,€1K,1,290
C. Arcus,21,Haiti,59,AJ Auxerre,€210K,€1K,1,210
K. Montaño,22,Mexico,59,Cruz Azul,€230K,€4K,4,230
C. Donovan,21,United States,58,Orlando City Soccer Club,€220K,€1K,1,220
M. da Fonte,26,United States,58,Colorado Rapids,€130K,€1K,1,130
D. Cruz,22,Mexico,58,Club Atlas,€160K,€2K,2,160
J. Cortizo,21,Mexico,58,Querétaro,€190K,€1K,1,190
R. de la Rosa,17,Mexico,58,Pachuca,€250K,€3K,3,250
Z. Herivaux,21,Haiti,58,New England Revolution,€220K,€1K,1,220
R. Perez,22,Mexico,58,Colorado Rapids,€200K,€1K,1,200
S. Antonijevic,28,United States,58,Lillestrøm SK,€100K,€1K,1,100
E. Louro,21,United States,58,New York Red Bulls,€130K,€1K,1,130
T. Pasher,23,Canada,58,Sporting Kansas City,€170K,€1K,1,170
C. Crespo,19,Mexico,58,Club Tijuana,€200K,€2K,2,200
J. Angulo,19,Mexico,58,Santos Laguna,€160K,€2K,2,160
A. Torres,21,Mexico,58,Guadalajara,€170K,€4K,4,170
J. Villarreal,22,United States,58,LA Galaxy,€180K,€1K,1,180
A. Wheeler-Omiunu,22,United States,58,Atlanta United FC,€190K,€1K,1,190
L. Fernández,24,Mexico,58,Tigres U.A.N.L.,€140K,€5K,5,140
J. de Alba,22,Mexico,58,Querétaro,€160K,€1K,1,160
B. Spencer,22,United States,58,Toronto FC,€180K,€1K,1,180
R. Laryea,22,Canada,58,Orlando City Soccer Club,€170K,€1K,1,170
P. McLain,28,United States,58,Minnesota Thunder,€90K,€1K,1,90
O. Holness,23,Jamaica,58,Real Salt Lake,€200K,€1K,1,200
A. Mozo,20,Mexico,58,U.N.A.M.,€250K,€2K,2,250
D. Mihailovic,18,United States,58,Chicago Fire Soccer Club,€260K,€1K,1,260
S. Cleveland,23,United States,58,Chicago Fire Soccer Club,€130K,€1K,1,130
J. Soñora,20,United States,58,VfB Stuttgart,€230K,€3K,3,230
R. Cannon,19,United States,58,FC Dallas,€240K,€1K,1,240
C. Storm,22,United States,58,Sporting Kansas City,€160K,€1K,1,160
E. Escobar,25,Mexico,58,Lobos de la BUAP,€130K,€1K,1,130
I. Rodríguez,24,Mexico,58,Puebla,€130K,€1K,1,130
D. Hernández,19,Mexico,58,Necaxa,€160K,€1K,1,160
J. Padilla,18,Mexico,58,Pachuca,€260K,€3K,3,260
B. Levis,24,Canada,58,Vancouver Whitecaps FC,€150K,€1K,1,150
L. Ketterer,23,United States,58,Columbus Crew SC,€120K,€1K,1,120
A. Medina,19,Mexico,57,Deportivo Toluca,€220K,€2K,2,220
J. León,21,Mexico,57,Club América,€140K,€4K,4,140
O. Sterling-James,23,St Kitts Nevis,57,Mansfield Town,€140K,€3K,3,140
J. Valadez,21,Mexico,57,Monarcas Morelia,€210K,€1K,1,210
J. Rodríguez,21,Mexico,57,Club León,€150K,€3K,3,150
E. Orona,18,Mexico,57,Pachuca,€220K,€3K,3,220
C. Durkin,17,United States,57,D.C. United,€180K,€1K,1,180
A. Elvira,20,Mexico,57,U.N.A.M.,€120K,€2K,2,120
B. Martínez,21,Mexico,57,Querétaro,€170K,€2K,2,170
L. Ovalle,28,Panama,57,Deportes Tolima,€80K,€1K,1,80
H. Muñoz,22,Mexico,57,Club Tijuana,€130K,€2K,2,130
N. Depuy,22,United States,57,Montreal Impact,€140K,€1K,1,140
J. Hayes,22,United States,57,FC Dallas,€160K,€1K,1,160
H. Arellano,19,United States,57,LA Galaxy,€160K,€1K,1,160
C. Brown,25,United States,57,Houston Dynamo,€100K,€1K,1,100
M. Lansing,23,United States,57,Aalborg BK,€120K,€1K,1,120
P. Millien,31,Haiti,57,Finn Harps,€90K,€1K,1,90
J. Brown,22,Jamaica,57,Cambridge United,€180K,€3K,3,180
C. González,19,Mexico,57,Club Atlas,€140K,€2K,2,140
M. Pais,26,United States,57,Toronto FC,€100K,€1K,1,100
S. Shome,19,Canada,57,Montreal Impact,€180K,€1K,1,180
N. Besler,24,United States,57,Real Salt Lake,€140K,€1K,1,140
C. Calderón,20,Mexico,57,Club Atlas,€180K,€2K,2,180
D. López,17,Mexico,57,Club Tijuana,€170K,€2K,2,170
L. de la Torre,19,United States,56,Fulham,€190K,€3K,3,190
K. Duncan,19,United States,56,Valenciennes FC,€140K,€1K,1,140
C. Fernandez,20,United States,56,Chicago Fire Soccer Club,€160K,€1K,1,160
A. Rawls,25,United States,56,New York City Football Club,€90K,€1K,1,90
C. Goslin,17,United States,56,Atlanta United FC,€200K,€1K,1,200
R. Jurado,20,Mexico,56,U.N.A.M.,€140K,€2K,2,140
R. Velazco,24,United States,56,Real Salt Lake,€130K,€1K,1,130
K. Rozo,22,United States,56,Patriotas Boyacá FC,€130K,€1K,1,130
A. Basuljevic,21,United States,56,New York Red Bulls,€140K,€1K,1,140
R. Clarke,21,Jamaica,56,Portland Timbers,€120K,€1K,1,120
Z. Messoudi,23,Canada,56,Odds BK,€130K,€1K,1,130
B. Colula,21,Mexico,56,Necaxa,€130K,€5K,5,130
O. Tejeda,28,Mexico,56,Lobos de la BUAP,€90K,€1K,1,90
L. Malagón,20,Mexico,56,Monarcas Morelia,€130K,€1K,1,130
D. Zanatta,20,Canada,56,Heart of Midlothian,€200K,€1K,1,200
A. Reid,17,Canada,56,FC Dallas,€140K,€1K,1,140
E. Sánchez,23,Mexico,56,Lobos de la BUAP,€140K,€7K,7,140
M. Hollingsworth,23,United States,56,Columbus Crew SC,€120K,€1K,1,120
C. Martin,22,United States,56,Minnesota Thunder,€140K,€1K,1,140
M. Bersano,24,United States,56,San Jose Earthquakes,€90K,€1K,1,90
K. Twardek,20,Canada,55,Millwall,€150K,€4K,4,150
R. Meraz,17,Mexico,55,Monarcas Morelia,€160K,€1K,1,160
B. Bronico,22,United States,55,Chicago Fire Soccer Club,€120K,€1K,1,120
E. Sabbi,19,United States,55,Hobro IK,€140K,€1K,1,140
L. Zaragoza,20,Mexico,55,Cruz Azul,€140K,€4K,4,140
K. McIntosh,23,United States,55,Portland Timbers,€90K,€1K,1,90
S. Hernández,20,Mexico,55,Club Atlas,€140K,€2K,2,140
A. Kapp,22,United States,55,Minnesota Thunder,€100K,€1K,1,100
J. Meza,23,Mexico,55,Club Tijuana,€120K,€3K,3,120
A. Didic,22,Canada,54,Sporting Kansas City,€90K,€1K,1,90
J. Esquivel,19,Mexico,54,Pachuca,€130K,€2K,2,130
A. Ocejo,19,Mexico,54,Santos Laguna,€120K,€2K,2,120
C. Lucatero,20,United States,54,Houston Dynamo,€150K,€1K,1,150
B. Scott,18,United States,54,1. FC Köln,€110K,€1K,1,110
K. Awuah,21,Canada,54,New York City Football Club,€120K,€1K,1,120
M. Amick,22,United States,54,Portland Timbers,€90K,€1K,1,90
B. Moore,25,United States,53,Rochdale,€60K,€1K,1,60
R. Díaz,21,Mexico,53,Querétaro,€70K,€1K,1,70
J. McGuire,22,United States,53,Philadelphia Union,€70K,€1K,1,70
M. Cancela,24,Mexico,53,Tiburones Rojos de Veracruz,€60K,€1K,1,60
M. Turner,23,United States,52,New England Revolution,€60K,€1K,1,60
C. Sparrow,23,United States,52,Real Salt Lake,€50K,€1K,1,50
J. Muñoz,20,Mexico,52,Club León,€60K,€2K,2,60
B. Chevreuil,20,Haiti,52,La Berrichonne de Châteauroux,€70K,€1K,1,70
J. Hernandez,21,Mexico,52,Real Salt Lake,€70K,€1K,1,70
A. Romero,19,Mexico,51,Pachuca,€70K,€1K,1,70
H. González,21,Mexico,51,Club Tijuana,€40K,€1K,1,40
T. Hunter,23,United States,51,Houston Dynamo,€40K,€1K,1,40
R. Diaz,25,United States,51,New York Red Bulls,€30K,€1K,1,30
M. Zamora,21,Mexico,50,Lobos de la BUAP,€30K,€1K,1,30
J. García,19,Mexico,50,Santos Laguna,€50K,€1K,1,50
A. Rose,18,Jamaica,50,Grimsby Town,€40K,€1K,1,40
R. Pasquel,21,Mexico,50,Deportivo Toluca,€40K,€1K,1,40
G. Malki,25,United States,49,Houston Dynamo,€40K,€1K,1,40
T. Trueba,21,Mexico,49,Puebla,€30K,€1K,1,30
